timestamp,elapsed_s,step,max_abs_current_ma,max_temp_c,target_0_thumb_abd,pos_0_thumb_abd,curr_ma_0_thumb_abd,temp_c_0_thumb_abd,target_1_thumb_flex,pos_1_thumb_flex,curr_ma_1_thumb_flex,temp_c_1_thumb_flex,target_2_thumb_tendon,pos_2_thumb_tendon,curr_ma_2_thumb_tendon,temp_c_2_thumb_tendon,target_3_index,pos_3_index,curr_ma_3_index,temp_c_3_index,target_4_middle,pos_4_middle,curr_ma_4_middle,temp_c_4_middle,target_5_ring,pos_5_ring,curr_ma_5_ring,temp_c_5_ring,target_6_pinky,pos_6_pinky,curr_ma_6_pinky,temp_c_6_pinky,sim_action_0_index,sim_action_1_middle,sim_action_2_ring,sim_action_3_pinky,sim_action_4_thumb_abd,sim_action_5_thumb_flex,sim_action_6_thumb_tendon,obs_z_0,obs_z_1,obs_z_2,obs_z_3,obs_z_4,obs_z_5,obs_z_6,obs_z_7,obs_z_8,obs_z_9,obs_z_10,obs_z_11,obs_z_12,obs_z_13,obs_z_14,obs_z_15,obs_z_16,obs_z_17,obs_z_18,obs_z_19,obs_z_20
2026-06-30T15:01:04.000,1.5578655420104042,0,136.5,52.0,0.09405355916685741,0.014923323414969101,-45.5,44.0,0.06,0.0,136.5,42.0,0.06032043945983062,0.0,39.0,49.0,0.06,0.0,71.5,48.0,0.06028992141603723,0.0,32.5,51.0,0.05,0.0,110.5,51.0,0.06,0.0,84.5,52.0,-0.29037660360336304,0.159195676445961,-0.19853277504444122,-0.5586448311805725,0.4056234657764435,0.5076892375946045,0.26034873723983765,0.0,-0.0002899214159697294,0.0,-0.0,0.0008697642479091883,-0.0,-0.00032043945975601673,0.017873097211122513,0.00812482088804245,0.02761797420680523,0.021121857687830925,-0.01137450896203518,0.034111760556697845,0.009749691002070904,0.0,0.0,0.0,0.0,0.0,0.0,0.0
2026-06-30T15:01:04.082,1.63943945907522,1,266.5,52.0,0.1740535591668574,0.08961623559929809,-136.5,44.0,0.08,0.04310673685816739,266.5,42.0,0.12032043945983062,0.054688334477759976,32.5,49.0,0.12,0.050934615091172655,234.0,48.0,0.12028992141603723,0.0545967803463798,-169.0,51.0,0.1,0.04269474326695659,214.5,51.0,0.12,0.05337605859464408,-182.0,52.0,-0.4819229245185852,0.3348141312599182,-0.23783673346042633,-0.6715234518051147,0.48135125637054443,0.8002256155014038,0.732920229434967,0.05093461647629738,0.05430685728788376,0.04269474372267723,-0.05337605997920036,0.07556267827749252,-0.04310673847794533,0.05436789616942406,0.05843335762619972,-0.04222487658262253,0.05357365682721138,-0.04546862840652466,-0.034111760556697845,0.06652659177780151,0.00812482088804245,-0.29037660360336304,0.159195676445961,-0.19853277504444122,-0.5586448311805725,0.4056234657764435,0.5076892375946045,0.26034873723983765
2026-06-30T15:01:04.167,1.7245320420479402,2,351.0,51.0,0.2540535591668574,0.1678339818417639,-169.0,44.0,0.08,0.06677347981994354,312.0,42.0,0.18032043945983062,0.11308461127641718,97.5,49.0,0.12,0.10920881971465629,351.0,48.0,0.18028992141603722,0.1113450827801938,253.5,51.0,0.12,0.09120317387655451,227.5,51.0,0.18,0.1125658045319295,-195.0,51.0,-0.5610789656639099,0.41697368025779724,-0.282794713973999,-0.8036758899688721,0.6378335952758789,0.8878938555717468,0.8361221551895142,0.10920882225036621,0.1110551580786705,0.09120317548513412,-0.11256580799818039,0.15378041565418243,-0.06677348166704178,0.11276417225599289,0.08752546459436417,0.06329029053449631,0.05681375414133072,-0.048711419105529785,-0.04222487658262253,0.07784219831228256,0.02437017299234867,-0.4819229245185852,0.3348141312599182,-0.23783673346042633,-0.6715234518051147,0.48135125637054443,0.8002256155014038,0.732920229434967
2026-06-30T15:01:04.257,1.813923625042662,3,734.5,52.0,0.3340535591668574,0.2477912565804532,-19.5,44.0,0.14,0.07183947508964675,247.0,42.0,0.1795386410970987,0.17415121690699625,-65.0,49.0,0.18,0.11439688715953307,637.0,48.0,0.24028992141603722,0.17174029144731823,240.5,51.0,0.12,0.11348134584573129,734.5,51.0,0.23482714593410492,0.17112993057145037,156.0,52.0,0.10256616026163101,0.3977285921573639,-0.120265893638134,-0.23482714593410492,0.3470584452152252,-0.301740437746048,0.14921820163726807,0.11439688503742218,0.17145037651062012,0.11348134279251099,-0.17112992703914642,0.23373769223690033,-0.07183947414159775,0.1738307774066925,0.15791729092597961,0.06005265191197395,0.18158863484859467,0.038980238139629364,-0.0048749614506959915,0.06167163327336311,-0.016248568892478943,-0.5610789656639099,0.41697368025779724,-0.282794713973999,-0.8036758899688721,0.6378335952758789,0.8878938555717468,0.8361221551895142
2026-06-30T15:01:04.345,1.9021453340537846,4,708.5,51.0,0.41405355916685743,0.3286335545891508,-52.0,44.0,0.08000000000000002,0.12341496910048066,377.0,42.0,0.2395386410970987,0.17683680476081484,-227.5,49.0,0.12,0.16960402838178074,201.5,48.0,0.3002899214160372,0.23123521782253761,247.0,51.0,0.12,0.11439688715953307,708.5,51.0,0.2948271459341049,0.2260471503776608,292.5,51.0,-0.27789047360420227,0.2018994390964508,-0.1955493539571762,-0.7163363695144653,0.4356846511363983,0.4923960864543915,0.3293142020702362,0.16960403323173523,0.23094528913497925,0.11439688503742218,-0.22604714334011078,0.3145799934864044,-0.12341497093439102,0.1765163689851761,0.05033243075013161,0.06167163327336311,0.1752956211566925,0.07299493998289108,-0.012999267317354679,0.09397191554307938,-0.05681375414133072,0.10256616026163101,0.3977285921573639,-0.120265893638134,-0.23482714593410492,0.3470584452152252,-0.301740437746048,0.14921820163726807
2026-06-30T15:01:04.429,1.9868239590432495,5,741.0,51.0,0.49405355916685745,0.4042114900434882,-26.0,44.0,0.14,0.07945372701609826,318.5,42.0,0.2728631980438532,0.2312046997787442,208.0,49.0,0.18,0.1241474021515221,741.0,48.0,0.3602899214160372,0.2885786221103227,364.0,51.0,0.16999999999999998,0.11439688715953307,721.5,51.0,0.3548271459341049,0.28247501335164416,143.0,51.0,0.08172092586755753,0.2625862956047058,0.0374378003180027,-0.4968098998069763,0.7422261834144592,-0.10256283730268478,0.24254275858402252,0.12414740025997162,0.2882887125015259,0.11439688503742218,-0.2824750244617462,0.39015793800354004,-0.0794537290930748,0.23088425397872925,0.18315957486629486,0.09074963629245758,0.17844395339488983,0.03573477640748024,-0.006499908398836851,0.07945714890956879,0.05195318162441254,-0.27789047360420227,0.2018994390964508,-0.1955493539571762,-0.7163363695144653,0.4356846511363983,0.4923960864543915,0.3293142020702362
2026-06-30T15:01:04.519,2.0761840000050142,6,474.5,51.0,0.5740535591668574,0.4903334096284428,-201.5,44.0,0.08000000000000002,0.12594796673533226,474.5,42.0,0.33286319804385317,0.2674448767833982,-143.0,49.0,0.12,0.16990920881971466,351.0,48.0,0.4202899214160372,0.3505149919890135,338.0,51.0,0.12,0.16136415655756467,266.5,51.0,0.4148271459341049,0.3450217441062028,305.5,51.0,-0.6565527319908142,0.4589822292327881,-0.43045109510421753,-0.891197681427002,0.6601932048797607,0.9605315327644348,0.9069426655769348,0.16990920901298523,0.3502250611782074,0.16136415302753448,-0.3450217545032501,0.4762798547744751,-0.125947967171669,0.2671244442462921,0.08752546459436417,0.08429945260286331,0.06652659177780151,0.0762268453836441,-0.05033243075013161,0.11807169020175934,-0.03573477640748024,0.08172092586755753,0.2625862956047058,0.0374378003180027,-0.4968098998069763,0.7422261834144592,-0.10256283730268478,0.24254275858402252
2026-06-30T15:01:04.605,2.162409375072457,7,624.0,51.0,0.6540535591668574,0.5667811093308919,-182.0,44.0,0.08,0.08114747844663159,175.5,42.0,0.39286319804385317,0.3258258945601587,39.0,49.0,0.12,0.12201113908598459,507.0,48.0,0.4802899214160372,0.41029983978027007,123.5,51.0,0.12,0.11989013504234378,624.0,51.0,0.4748271459341049,0.4051117723353933,214.5,51.0,-0.6319581270217896,0.4118904173374176,-0.43265867233276367,-0.8315880298614502,0.568522572517395,0.9178153872489929,0.8538854122161865,0.12201113998889923,0.4100099205970764,0.11989013850688934,-0.40511175990104675,0.5527275204658508,-0.08114747703075409,0.32550546526908875,0.12607556581497192,0.030865192413330078,0.15474672615528107,0.05357365682721138,-0.04546862840652466,0.043846867978572845,0.009749691002070904,-0.6565527319908142,0.4589822292327881,-0.43045109510421753,-0.891197681427002,0.6601932048797607,0.9605315327644348,0.9069426655769348
2026-06-30T15:01:04.690,2.247550542000681,8,468.0,51.0,0.7340535591668573,0.6476234073395895,-117.0,44.0,0.08,0.08114747844663159,0.0,42.0,0.45286319804385317,0.3842221713588159,-468.0,49.0,0.12,0.11836423285267413,156.0,48.0,0.4202899214160372,0.4704051270313573,435.5,51.0,0.12,0.11805905241474021,273.0,51.0,0.534827145934105,0.46582742046234843,286.0,51.0,-0.42887797951698303,0.2552224397659302,-0.2927068769931793,-0.614479124546051,0.3973531723022461,0.596859872341156,0.6009207963943481,0.11836422979831696,0.47011521458625793,0.11805905401706696,-0.46582743525505066,0.6335698366165161,-0.08114747703075409,0.3839017450809479,0.038980238139629364,0.10844683647155762,0.06814422458410263,0.07137840986251831,-0.029241660609841347,0.0,-0.11646903306245804,-0.6319581270217896,0.4118904173374176,-0.43265867233276367,-0.8315880298614502,0.568522572517395,0.9178153872489929,0.8538854122161865
2026-06-30T15:01:04.786,2.3434541249880567,9,669.5,51.0,0.8140535591668573,0.7249408712901503,-156.0,44.0,0.08,0.08029297322041659,13.0,42.0,0.5128631980438532,0.44159609369039443,-123.5,49.0,0.12,0.11836423285267413,149.5,48.0,0.4609615227115084,0.42159151598382544,669.5,51.0,0.12,0.11836423285267413,195.0,51.0,0.594827145934105,0.5243915465018693,429.0,51.0,-0.6217610836029053,0.3338930010795593,-0.4805000424385071,-0.8025464415550232,0.4697315990924835,0.8937056064605713,0.8246453404426575,0.11836422979831696,0.42130160331726074,0.11836422979831696,-0.5243915319442749,0.7108873128890991,-0.0802929699420929,0.4412756562232971,0.03735760599374771,0.1658293455839157,0.048711419105529785,0.10684067010879517,-0.038980238139629364,0.0032499886583536863,-0.030865192413330078,-0.42887797951698303,0.2552224397659302,-0.2927068769931793,-0.614479124546051,0.3973531723022461,0.596859872341156,0.6009207963943481
2026-06-30T15:01:04.874,2.4311935420846567,10,676.0,51.0,0.8940535591668572,0.8014038300144961,-175.5,44.0,0.08,0.08029297322041659,-13.0,42.0,0.5728631980438532,0.49697108415350577,-676.0,49.0,0.12,0.11836423285267413,169.0,48.0,0.46391924823641073,0.4514839398794537,643.5,51.0,0.12,0.11836423285267413,221.0,51.0,0.6548271459341051,0.5817502098115511,520.0,51.0,-0.6913977861404419,0.3363577723503113,-0.5732866525650024,-0.8373134732246399,0.42437171936035156,0.9158779382705688,0.8512305617332458,0.11836422979831696,0.45119401812553406,0.11836422979831696,-0.581750214099884,0.7873502969741821,-0.0802929699420929,0.4966506361961365,0.04222487658262253,0.1595013588666916,0.05519384890794754,0.12927258014678955,-0.043846867978572845,-0.0032499886583536863,-0.1674092411994934,-0.6217610836029053,0.3338930010795593,-0.4805000424385071,-0.8025464415550232,0.4697315990924835,0.8937056064605713,0.8246453404426575
2026-06-30T15:01:04.955,2.5124511669855565,11,858.0,51.0,0.9740535591668572,0.8840009155413138,-195.0,44.0,0.08,0.08029297322041659,13.0,42.0,0.6328631980438533,0.5526817730983444,-617.5,49.0,0.12,0.11836423285267413,169.0,48.0,0.5239192482364108,0.45667200732433044,858.0,51.0,0.12,0.11836423285267413,175.5,51.0,0.7148271459341051,0.6415350576028077,377.0,51.0,-0.756231427192688,0.38669782876968384,-0.6350583434104919,-0.885945737361908,0.48862382769584656,0.9506169557571411,0.9003435373306274,0.11836422979831696,0.4563820958137512,0.11836422979831696,-0.6415350437164307,0.8699473738670349,-0.0802929699420929,0.5523613095283508,0.04222487658262253,0.21126970648765564,0.043846867978572845,0.09397191554307938,-0.048711419105529785,0.0032499886583536863,-0.1531602442264557,-0.6913977861404419,0.3363577723503113,-0.5732866525650024,-0.8373134732246399,0.42437171936035156,0.9158779382705688,0.8512305617332458
2026-06-30T15:01:05.045,2.6019465000135824,12,1391.0,51.0,1.0,0.9648432135500115,-32.5,44.0,0.14,0.08029297322041659,6.5,42.0,0.5728631980438532,0.6157625696192874,-1391.0,49.0,0.12,0.11836423285267413,162.5,48.0,0.4639192482364108,0.5106736858167391,1053.0,51.0,0.16999999999999998,0.11836423285267413,234.0,51.0,0.6548271459341051,0.7046921492332342,500.5,51.0,-0.045964326709508896,0.2598486840724945,0.03163482993841171,-0.4336683452129364,0.6900023818016052,-0.4561757445335388,-0.17970868945121765,0.11836422979831696,0.5103837847709656,0.11836422979831696,-0.7046921253204346,0.9507896304130554,-0.0802929699420929,0.615442156791687,0.0406026653945446,0.25733283162117004,0.05843335762619972,0.12447606772184372,-0.00812482088804245,0.001624998520128429,-0.3343786299228668,-0.756231427192688,0.38669782876968384,-0.6350583434104919,-0.885945737361908,0.48862382769584656,0.9506169557571411,0.9003435373306274
2026-06-30T15:01:05.130,2.6871099590789527,13,689.0,52.0,0.92,0.9903257801174945,331.5,44.0,0.08000000000000002,0.13524071107042038,-110.5,42.0,0.5128631980438532,0.5761654077973601,-448.5,49.0,0.12,0.11836423285267413,156.0,48.0,0.4039192482364108,0.4664377813382162,643.5,51.0,0.21999999999999997,0.1604486152437629,299.0,51.0,0.7148271459341051,0.6577096208133059,689.0,52.0,-0.28201237320899963,0.20613880455493927,0.3557929992675781,-0.9889261722564697,-0.9999545216560364,0.7062790393829346,0.2287961095571518,0.11836422979831696,0.46614786982536316,0.1604486107826233,-0.6577095985412598,0.9762722253799438,-0.13524070382118225,0.575844943523407,0.038980238139629364,0.1595013588666916,0.07461109012365341,0.17056642472743988,0.08268578350543976,-0.02761797420680523,-0.11165747046470642,-0.045964326709508896,0.2598486840724945,0.03163482993841171,-0.4336683452129364,0.6900023818016052,-0.4561757445335388,-0.17970868945121765
2026-06-30T15:01:05.219,2.7764130000723526,14,546.0,51.0,1.0,0.9332112611581597,-351.0,44.0,0.08,0.08368047608148317,26.0,42.0,0.5728631980438532,0.5147631036850537,-546.0,49.0,0.12,0.11836423285267413,162.5,48.0,0.4639192482364108,0.40572213321126116,429.0,51.0,0.16999999999999998,0.21139848935683223,331.5,51.0,0.7748271459341052,0.705302510109102,364.0,51.0,-0.9644144773483276,0.632400631904602,-0.9175693988800049,-0.9906100034713745,0.6743452548980713,0.9991633892059326,0.9960977435112,0.11836422979831696,0.40543222427368164,0.21139848232269287,-0.7053025364875793,0.9191576838493347,-0.08368047326803207,0.5144426822662354,0.0406026653945446,0.10684067010879517,0.08268578350543976,0.09074963629245758,-0.08752546459436417,0.006499908398836851,-0.13565850257873535,-0.28201237320899963,0.20613880455493927,0.3557929992675781,-0.9889261722564697,-0.9999545216560364,0.7062790393829346,0.2287961095571518
2026-06-30T15:01:05.305,2.8624262920347974,15,546.0,51.0,0.92,0.987685969329366,240.5,44.0,0.08,0.08029297322041659,26.0,42.0,0.5128631980438532,0.5603875791561761,-338.0,49.0,0.18,0.11836423285267413,143.0,48.0,0.4039192482364108,0.4542305638208591,403.0,51.0,0.21999999999999997,0.1702143892576486,546.0,51.0,0.8348271459341052,0.7635614557106889,455.0,51.0,0.055316075682640076,0.0277915857732296,0.6154836416244507,-0.9842779040336609,-0.9985160827636719,0.7330160737037659,-0.2839086949825287,0.11836422979831696,0.45394062995910645,0.17021438479423523,-0.7635614275932312,0.9736323952674866,-0.0802929699420929,0.5600671172142029,0.03573477640748024,0.10041049122810364,0.13565850257873535,0.11326192319393158,0.06005265191197395,0.006499908398836851,-0.08429945260286331,-0.9644144773483276,0.632400631904602,-0.9175693988800049,-0.9906100034713745,0.6743452548980713,0.9991633892059326,0.9960977435112
2026-06-30T15:01:05.393,2.950079584028572,16,572.0,51.0,1.0,0.9332112611581597,-188.5,44.0,0.08,0.08029297322041659,6.5,42.0,0.5728631980438532,0.5140917067215991,-468.0,49.0,0.12,0.17082475013351645,305.5,48.0,0.4639192482364108,0.4051117723353933,572.0,51.0,0.16999999999999998,0.21170366979476615,403.0,51.0,0.8948271459341053,0.8236667429617761,442.0,51.0,-0.8109152317047119,0.37483498454093933,-0.7203487157821655,-0.9135000109672546,0.43688613176345825,0.9856913089752197,0.9448835849761963,0.17082475125789642,0.40482184290885925,0.21170367300510406,-0.8236667513847351,0.9191576838493347,-0.0802929699420929,0.5137712955474854,0.0762268453836441,0.1420331746339798,0.10041049122810364,0.1100524440407753,-0.04709014669060707,0.001624998520128429,-0.11646903306245804,0.055316075682640076,0.0277915857732296,0.6154836416244507,-0.9842779040336609,-0.9985160827636719,0.7330160737037659,-0.2839086949825287
2026-06-30T15:01:05.481,3.038317167083733,17,1787.5,51.0,0.92,0.985931181811246,403.0,44.0,0.08,0.08029297322041659,0.0,42.0,0.5128631980438532,0.5557030594338903,-1787.5,49.0,0.12,0.12079041733424889,318.5,48.0,0.4039192482364108,0.45514610513466086,799.5,51.0,0.21999999999999997,0.16899366750591288,585.0,51.0,0.9548271459341053,0.8840619516289006,695.5,51.0,-0.17241324484348297,0.17669495940208435,0.5678106546401978,-0.9969750642776489,-0.9999948740005493,0.8936839699745178,0.03416038304567337,0.12079041451215744,0.45485618710517883,0.16899366676807404,-0.8840619325637817,0.9718776345252991,-0.0802929699420929,0.5553826093673706,0.07945714890956879,0.1972551941871643,0.14521612226963043,0.17214371263980865,0.10041049122810364,0.0,-0.41932687163352966,-0.8109152317047119,0.37483498454093933,-0.7203487157821655,-0.9135000109672546,0.43688613176345825,0.9856913089752197,0.9448835849761963
2026-06-30T15:01:05.569,3.1264150839997455,18,955.5,51.0,1.0,0.9349660486762797,-175.5,44.0,0.08,0.08029297322041659,19.5,42.0,0.5728631980438532,0.5137560082398718,-286.0,49.0,0.12,0.11836423285267413,156.0,48.0,0.4639192482364108,0.40541695277332723,650.0,51.0,0.16999999999999998,0.21139848935683223,383.5,51.0,0.9123894572257996,0.9405050736247806,955.5,51.0,-0.8047707676887512,0.36960285902023315,-0.6975052356719971,-0.9123894572257996,0.5247054696083069,0.9765823483467102,0.9409844279289246,0.11836422979831696,0.40512701869010925,0.21139848232269287,-0.9405050873756409,0.920912504196167,-0.0802929699420929,0.5134355425834656,0.038980238139629364,0.1610846072435379,0.09558231383562088,0.2344328612089157,-0.043846867978572845,0.0048749614506959915,-0.07137840986251831,-0.17241324484348297,0.17669495940208435,0.5678106546401978,-0.9969750642776489,-0.9999948740005493,0.8936839699745178,0.03416038304567337
2026-06-30T15:01:05.657,3.213954583974555,19,1436.5,52.0,0.92,0.9868162050812543,338.0,44.0,0.08,0.08029297322041659,26.0,42.0,0.5128631980438532,0.5577172503242542,-1436.5,49.0,0.12,0.11836423285267413,143.0,48.0,0.4039192482364108,0.4530098420691233,630.5,51.0,0.21999999999999997,0.16960402838178074,702.0,51.0,0.9723894572257996,0.911833371480888,370.5,52.0,-0.1126338541507721,0.08428274840116501,0.5835326910018921,-0.9941744804382324,-0.9999570846557617,0.8539612889289856,-0.059231214225292206,0.11836422979831696,0.45271992683410645,0.16960403323173523,-0.9118333458900452,0.9727626442909241,-0.0802929699420929,0.5573968291282654,0.03573477640748024,0.15633241832256317,0.1737201064825058,0.09236101806163788,0.08429945260286331,0.006499908398836851,-0.34444308280944824,-0.8047707676887512,0.36960285902023315,-0.6975052356719971,-0.9123894572257996,0.5247054696083069,0.9765823483467102,0.9409844279289246
2026-06-30T15:01:05.740,3.2973064170219004,20,1137.5,51.0,1.0,0.9367208361943998,-442.0,44.0,0.08,0.08029297322041659,32.5,42.0,0.5728631980438532,0.5154345006485084,-247.0,49.0,0.12,0.11836423285267413,156.0,48.0,0.4639192482364108,0.4075532158388647,539.5,51.0,0.16999999999999998,0.20956740672922866,585.0,51.0,0.9974766969680786,0.9569848172732128,1137.5,51.0,-0.9858300685882568,0.7191379070281982,-0.9607821106910706,-0.9974766969680786,0.7442540526390076,0.999870240688324,0.9990807771682739,0.11836422979831696,0.40726330876350403,0.20956741273403168,-0.95698481798172,0.9226672649383545,-0.0802929699420929,0.5151140689849854,0.038980238139629364,0.13406306505203247,0.14521612226963043,0.27694937586784363,-0.1100524440407753,0.00812482088804245,-0.06167163327336311,-0.1126338541507721,0.08428274840116501,0.5835326910018921,-0.9941744804382324,-0.9999570846557617,0.8539612889289856,-0.059231214225292206
2026-06-30T15:01:05.852,3.409339667065069,21,3211.0,52.0,0.92,0.9885709925993744,318.5,44.0,0.08,0.08029297322041659,26.0,42.0,0.5128631980438532,0.5587243457694362,-1495.0,49.0,0.12,0.11836423285267413,188.5,48.0,0.4039192482364108,0.45453574425879306,968.5,51.0,0.21999999999999997,0.16899366750591288,247.0,51.0,0.9952895641326904,0.9755855649652856,3211.0,52.0,-0.02135765179991722,0.1447238028049469,0.5773036479949951,-0.9952895641326904,-0.9999580383300781,0.8665135502815247,-0.19958890974521637,0.11836422979831696,0.45424583554267883,0.16899366676807404,-0.9755855798721313,0.9745174050331116,-0.0802929699420929,0.5584039092063904,0.04709014669060707,0.23750188946723938,0.06167163327336311,0.665571391582489,0.07945714890956879,0.006499908398836851,-0.35726743936538696,-0.9858300685882568,0.7191379070281982,-0.9607821106910706,-0.9974766969680786,0.7442540526390076,0.999870240688324,0.9990807771682739
2026-06-30T15:01:05.929,3.486447124974802,22,2977.0,51.0,1.0,0.9393606469825283,-474.5,44.0,0.08,0.08029297322041659,0.0,42.0,0.5728631980438532,0.5171129930571451,-676.0,49.0,0.12,0.11836423285267413,182.0,48.0,0.4639192482364108,0.40907911802853436,786.5,51.0,0.16999999999999998,0.20865186541542688,318.5,51.0,0.99843430519104,0.9758907454032195,2977.0,51.0,-0.9904439449310303,0.7256190180778503,-0.9726635813713074,-0.99843430519104,0.7302412986755371,0.9999194145202637,0.9993684887886047,0.11836422979831696,0.40878918766975403,0.20865187048912048,-0.9758907556533813,0.9253070950508118,-0.0802929699420929,0.5167925357818604,0.04546862840652466,0.19412964582443237,0.07945714890956879,0.6317060589790344,-0.11807169020175934,0.0,-0.1674092411994934,-0.02135765179991722,0.1447238028049469,0.5773036479949951,-0.9952895641326904,-0.9999580383300781,0.8665135502815247,-0.19958890974521637
2026-06-30T15:01:06.014,3.571498209028505,23,3217.5,51.0,0.92,0.9850614175631343,234.0,44.0,0.08,0.08029297322041659,-19.5,42.0,0.5128631980438532,0.5577172503242542,-851.5,49.0,0.18,0.11836423285267413,97.5,48.0,0.4039192482364108,0.450263218127718,533.0,51.0,0.21999999999999997,0.17204547188525215,676.0,51.0,0.9899499416351318,0.9758907454032195,3217.5,51.0,0.13482992351055145,0.07313527166843414,0.4974192976951599,-0.9899499416351318,-0.9994772672653198,0.762788712978363,-0.29659566283226013,0.11836422979831696,0.44997328519821167,0.17204546928405762,-0.9758907556533813,0.9710078835487366,-0.0802929699420929,0.5573968291282654,0.02437017299234867,0.13246691226959229,0.1674092411994934,0.6664755344390869,0.05843335762619972,-0.0048749614506959915,-0.20971670746803284,-0.9904439449310303,0.7256190180778503,-0.9726635813713074,-0.99843430519104,0.7302412986755371,0.9999194145202637,0.9993684887886047
2026-06-30T15:01:06.114,3.6717230840586126,24,2054.0,52.0,1.0,0.9349660486762797,-45.5,44.0,0.08,0.08029297322041659,6.5,42.0,0.5728631980438532,0.5154345006485084,-214.5,49.0,0.12,0.16777294575417714,409.5,48.0,0.3439192482364108,0.40663767452506294,507.0,51.0,0.16999999999999998,0.21017776760509652,455.0,51.0,0.9299499416351318,0.9758907454032195,2054.0,52.0,-0.4351617693901062,0.1752108633518219,-0.2935778498649597,-0.8725972175598145,0.6462221145629883,0.7884950041770935,0.626312792301178,0.16777294874191284,0.40634775161743164,0.21017776429653168,-0.9758907556533813,0.920912504196167,-0.0802929699420929,0.5151140689849854,0.10201884061098099,0.12607556581497192,0.11326192319393158,0.47266775369644165,-0.01137450896203518,0.001624998520128429,-0.05357365682721138,0.13482992351055145,0.07313527166843414,0.4974192976951599,-0.9899499416351318,-0.9994772672653198,0.762788712978363,-0.29659566283226013
2026-06-30T15:01:06.185,3.7423955419799313,25,949.0,52.0,0.92,0.9824216067750057,175.5,44.0,0.08,0.08029297322041659,32.5,42.0,0.5128631980438532,0.555367360952163,-637.0,49.0,0.18,0.12780956740672922,890.5,48.0,0.2839192482364108,0.3523460746166171,949.0,51.0,0.21999999999999997,0.17448691538872357,832.0,51.0,0.9577412605285645,0.935317006179904,845.0,52.0,0.0640123188495636,0.11178610473871231,0.44878166913986206,-0.9577412605285645,-0.9945173859596252,0.7388052344322205,-0.02369486726820469,0.1278095692396164,0.3520561456680298,0.1744869202375412,-0.9353169798851013,0.9683680534362793,-0.0802929699420929,0.5550469160079956,0.2190185785293579,0.2328965812921524,0.20505137741565704,0.20816265046596527,0.043846867978572845,0.00812482088804245,-0.15791729092597961,-0.4351617693901062,0.1752108633518219,-0.2935778498649597,-0.8725972175598145,0.6462221145629883,0.7884950041770935,0.626312792301178
2026-06-30T15:01:06.272,3.8293504590401426,26,942.5,52.0,1.0,0.9358510719462881,-279.5,44.0,0.08,0.08029297322041659,19.5,42.0,0.5728631980438532,0.5157701991302358,-214.5,49.0,0.12,0.16746776531624322,344.5,48.0,0.3439192482364108,0.287357900358587,487.5,51.0,0.16999999999999998,0.20956740672922866,266.5,51.0,0.9805076718330383,0.9490501258869307,942.5,52.0,-0.9281901121139526,0.5435898303985596,-0.8600605130195618,-0.9805076718330383,0.6198774576187134,0.9970638751983643,0.9880521893501282,0.16746775805950165,0.2870679795742035,0.20956741273403168,-0.9490501284599304,0.921797513961792,-0.0802929699420929,0.5154497623443604,0.08591268211603165,0.12127514183521271,0.06652659177780151,0.23135913908481598,-0.0697614997625351,0.0048749614506959915,-0.05357365682721138,0.0640123188495636,0.11178610473871231,0.44878166913986206,-0.9577412605285645,-0.9945173859596252,0.7388052344322205,-0.02369486726820469
2026-06-30T15:01:06.359,3.9165257919812575,27,1891.5,51.0,0.92,0.985931181811246,318.5,44.0,0.08,0.08029297322041659,-13.0,42.0,0.5128631980438532,0.5590600442511635,-1235.0,49.0,0.15746656961739064,0.12262149996185243,650.0,48.0,0.2839192482364108,0.3346456092164492,494.0,51.0,0.21999999999999997,0.17051956969558252,552.5,51.0,0.9946033358573914,0.9670405127031357,1891.5,51.0,0.017841223627328873,0.07731950283050537,0.603851318359375,-0.9946033358573914,-0.9999514818191528,0.8552200198173523,-0.15542638301849365,0.12262149900197983,0.3343556821346283,0.17051957547664642,-0.9670405387878418,0.9718776345252991,-0.0802929699420929,0.5587396025657654,0.1610846072435379,0.12287592142820358,0.13725323975086212,0.4405193328857422,0.07945714890956879,-0.0032499886583536863,-0.2992995083332062,-0.9281901121139526,0.5435898303985596,-0.8600605130195618,-0.9805076718330383,0.6198774576187134,0.9970638751983643,0.9880521893501282
2026-06-30T15:01:06.443,4.0003227919805795,28,2996.5,52.0,1.0,0.9323262378881513,-227.5,44.0,0.08,0.08029297322041659,0.0,42.0,0.5728631980438532,0.5140917067215991,-383.5,49.0,0.12,0.15039291981383993,546.0,48.0,0.3439192482364108,0.2849164568551156,533.0,51.0,0.16999999999999998,0.21170366979476615,331.5,51.0,0.9633859992027283,0.974975204089418,2996.5,52.0,-0.889762282371521,0.4230562150478363,-0.8161098957061768,-0.9633859992027283,0.5391961932182312,0.9922561049461365,0.9725733399391174,0.15039291977882385,0.2846265435218811,0.21170367300510406,-0.9749752283096313,0.9182726740837097,-0.0802929699420929,0.5137712955474854,0.13565850257873535,0.13246691226959229,0.08268578350543976,0.6346266269683838,-0.05681375414133072,0.0,-0.09558231383562088,0.017841223627328873,0.07731950283050537,0.603851318359375,-0.9946033358573914,-0.9999514818191528,0.8552200198173523,-0.15542638301849365
2026-06-30T15:01:06.530,4.087287500035018,29,1449.5,52.0,0.92,0.985931181811246,260.0,44.0,0.08,0.08029297322041659,26.0,42.0,0.5128631980438532,0.5590600442511635,-1449.5,49.0,0.18,0.12048523689631493,247.0,48.0,0.2839192482364108,0.3337300679026474,533.0,51.0,0.21999999999999997,0.17082475013351645,409.5,51.0,0.9861835837364197,0.9606317235065233,299.0,52.0,0.033749379217624664,0.030575407668948174,0.6471377611160278,-0.9861835837364197,-0.9991885423660278,0.7771202325820923,-0.20790919661521912,0.12048523873090744,0.3334401547908783,0.17082475125789642,-0.9606317281723022,0.9718776345252991,-0.0802929699420929,0.5587396025657654,0.06167163327336311,0.13246691226959229,0.10201884061098099,0.07461109012365341,0.06490861624479294,0.006499908398836851,-0.3473042845726013,-0.889762282371521,0.4230562150478363,-0.8161098957061768,-0.9633859992027283,0.5391961932182312,0.9922561049461365,0.9725733399391174
2026-06-30T15:01:06.617,4.174595750053413,30,2288.0,52.0,1.0,0.9332112611581597,-91.0,44.0,0.08,0.08029297322041659,-6.5,42.0,0.5728631980438532,0.5137560082398718,-422.5,49.0,0.12,0.1702143892576486,383.5,48.0,0.31509781087755456,0.28461127641718165,598.0,51.0,0.16999999999999998,0.21200885023270008,494.0,51.0,0.9261835837364196,0.9707026779583429,2288.0,52.0,-0.6079800724983215,0.21233990788459778,-0.46389707922935486,-0.8317915201187134,0.5287102460861206,0.9068592190742493,0.8137610554695129,0.17021438479423523,0.2843213677406311,0.21200884878635406,-0.9707026481628418,0.9191576838493347,-0.0802929699420929,0.5134355425834656,0.09558231383562088,0.1483960747718811,0.12287592142820358,0.5168265700340271,-0.022746076807379723,-0.001624998520128429,-0.10523393750190735,0.033749379217624664,0.030575407668948174,0.6471377611160278,-0.9861835837364197,-0.9991885423660278,0.7771202325820923,-0.20790919661521912
2026-06-30T15:01:06.701,4.258464084006846,31,676.0,52.0,0.92,0.987685969329366,266.5,44.0,0.08,0.08029297322041659,19.5,42.0,0.5128631980438532,0.5607232776379034,-604.5,49.0,0.18,0.12201113908598459,585.0,48.0,0.25509781087755456,0.3084153505760281,643.5,51.0,0.21999999999999997,0.16960402838178074,676.0,51.0,0.9846321940422058,0.926161593041886,539.5,52.0,0.058532871305942535,0.0718383640050888,0.5942551493644714,-0.9846321940422058,-0.9995273947715759,0.7985302209854126,-0.08781655877828598,0.12201113998889923,0.30812543630599976,0.16960403323173523,-0.9261615872383118,0.9736323952674866,-0.0802929699420929,0.5604028105735779,0.14521612226963043,0.1595013588666916,0.1674092411994934,0.13406306505203247,0.06652659177780151,0.0048749614506959915,-0.1499849110841751,-0.6079800724983215,0.21233990788459778,-0.46389707922935486,-0.8317915201187134,0.5287102460861206,0.9068592190742493,0.8137610554695129
2026-06-30T15:01:06.792,4.349012625054456,32,1826.5,52.0,1.0,0.9340810254062714,-286.0,44.0,0.08,0.08029297322041659,26.0,42.0,0.5728631980438532,0.5147631036850537,-552.5,49.0,0.12,0.16960402838178074,325.0,48.0,0.31509781087755456,0.25685511558709084,572.0,51.0,0.16999999999999998,0.21139848935683223,429.0,51.0,0.9814850687980652,0.970092317082475,1826.5,52.0,-0.9348741769790649,0.5210551023483276,-0.8757254481315613,-0.9814850687980652,0.5881878733634949,0.9973524212837219,0.9887194037437439,0.16960403323173523,0.2565651834011078,0.21139848232269287,-0.9700922966003418,0.920027494430542,-0.0802929699420929,0.5144426822662354,0.08107167482376099,0.1420331746339798,0.10684067010879517,0.42732951045036316,-0.07137840986251831,0.006499908398836851,-0.13725323975086212,0.058532871305942535,0.0718383640050888,0.5942551493644714,-0.9846321940422058,-0.9995273947715759,0.7985302209854126,-0.08781655877828598
2026-06-30T15:01:06.879,4.4364610420307145,33,1813.5,52.0,0.92,0.9868162050812543,156.0,44.0,0.08,0.08029297322041659,-6.5,42.0,0.5128631980438532,0.5600518806744488,-663.0,49.0,0.18,0.12231631952391851,656.5,48.0,0.25509781087755456,0.3059739070725567,234.0,51.0,0.21999999999999997,0.1702143892576486,656.5,51.0,0.9609020948410034,0.970092317082475,1813.5,52.0,0.19032612442970276,0.02290813811123371,0.35309141874313354,-0.9609020948410034,-0.9930935502052307,0.6269493699073792,-0.28454604744911194,0.12231632322072983,0.30568400025367737,0.17021438479423523,-0.9700922966003418,0.9727626442909241,-0.0802929699420929,0.5597314238548279,0.16266702115535736,0.05843335762619972,0.16266702115535736,0.4246692955493927,0.038980238139629364,-0.001624998520128429,-0.16424861550331116,-0.9348741769790649,0.5210551023483276,-0.8757254481315613,-0.9814850687980652,0.5881878733634949,0.9973524212837219,0.9887194037437439
2026-06-30T15:01:06.961,4.518521375022829,34,455.0,52.0,1.0,0.9349660486762797,-377.0,44.0,0.08,0.08029297322041659,-6.5,42.0,0.5728631980438532,0.5144274052033264,-455.0,49.0,0.12,0.16990920881971466,331.5,48.0,0.31509781087755456,0.2565499351491569,448.5,51.0,0.16999999999999998,0.212314030670634,253.5,51.0,0.9944828748703003,0.9582055390249486,234.0,52.0,-0.9716520309448242,0.6580161452293396,-0.9326576590538025,-0.9944828748703003,0.6771367788314819,0.9995999932289124,0.9972203373908997,0.16990920901298523,0.2562600076198578,0.21231402456760406,-0.95820552110672,0.920912504196167,-0.0802929699420929,0.5141069889068604,0.08268578350543976,0.11165747046470642,0.06329029053449631,0.05843335762619972,-0.09397191554307938,-0.001624998520128429,-0.11326192319393158,0.19032612442970276,0.02290813811123371,0.35309141874313354,-0.9609020948410034,-0.9930935502052307,0.6269493699073792,-0.28454604744911194
2026-06-30T15:01:07.050,4.607027417048812,35,2957.5,52.0,0.92,0.987685969329366,130.0,44.0,0.08,0.08029297322041659,13.0,42.0,0.5128631980438532,0.56240177004654,-162.5,49.0,0.18,0.12231631952391851,780.0,48.0,0.25509781087755456,0.3059739070725567,208.0,51.0,0.21999999999999997,0.1702143892576486,877.5,51.0,0.9344828748703002,0.974975204089418,2957.5,52.0,0.16222116351127625,0.018534017726778984,0.08338014036417007,-0.9147867560386658,-0.9839920401573181,0.5206182599067688,-0.29010072350502014,0.12231632322072983,0.30568400025367737,0.17021438479423523,-0.9749752283096313,0.9736323952674866,-0.0802929699420929,0.5620813369750977,0.19256539642810822,0.05195318162441254,0.2159222811460495,0.6287674307823181,0.032488562166690826,0.0032499886583536863,-0.0406026653945446,-0.9716520309448242,0.6580161452293396,-0.9326576590538025,-0.9944828748703003,0.6771367788314819,0.9995999932289124,0.9972203373908997
2026-06-30T15:01:07.135,4.692856417037547,36,572.0,52.0,1.0,0.9349660486762797,-253.5,44.0,0.08,0.08029297322041659,-6.5,42.0,0.5728631980438532,0.5144274052033264,-507.0,49.0,0.12,0.16990920881971466,351.0,48.0,0.31509781087755456,0.2565499351491569,572.0,51.0,0.16999999999999998,0.21170366979476615,253.5,51.0,0.974239706993103,0.934706645304036,481.0,52.0,-0.9150411486625671,0.49186187982559204,-0.8454936146736145,-0.974239706993103,0.5391221046447754,0.9959322810173035,0.9814807176589966,0.16990920901298523,0.2562600076198578,0.21170367300510406,-0.9347066283226013,0.920912504196167,-0.0802929699420929,0.5141069889068604,0.08752546459436417,0.1420331746339798,0.06329029053449631,0.1196737289428711,-0.06329029053449631,-0.001624998520128429,-0.12607556581497192,0.16222116351127625,0.018534017726778984,0.08338014036417007,-0.9147867560386658,-0.9839920401573181,0.5206182599067688,-0.29010072350502014
2026-06-30T15:01:07.220,4.777888250071555,37,1670.5,52.0,0.92,0.9868162050812543,247.0,44.0,0.08,0.08029297322041659,6.5,42.0,0.5128631980438532,0.5597314412146182,-1144.0,49.0,0.18,0.12170595864805067,370.5,48.0,0.25509781087755456,0.3065842679484245,435.5,51.0,0.21999999999999997,0.16960402838178074,624.0,51.0,0.9877089858055115,0.9630731670099947,1670.5,52.0,0.11944477260112762,0.030831152573227882,0.6077222228050232,-0.9877089858055115,-0.9991967678070068,0.7574335932731628,-0.20123091340065002,0.12170595675706863,0.30629435181617737,0.16960403323173523,-0.963073194026947,0.9727626442909241,-0.0802929699420929,0.5594109892845154,0.09236101806163788,0.10844683647155762,0.15474672615528107,0.3949277400970459,0.06167163327336311,0.001624998520128429,-0.27844905853271484,-0.9150411486625671,0.49186187982559204,-0.8454936146736145,-0.974239706993103,0.5391221046447754,0.9959322810173035,0.9814807176589966
2026-06-30T15:01:07.309,4.866373667027801,38,2541.5,52.0,1.0,0.9340810254062714,-227.5,44.0,0.08,0.08029297322041659,-19.5,42.0,0.5728631980438532,0.5140917067215991,-377.0,49.0,0.12,0.16960402838178074,188.5,48.0,0.31509781087755456,0.25685511558709084,370.5,51.0,0.16999999999999998,0.21170366979476615,260.0,51.0,0.9605355858802795,0.9710078583962768,2541.5,52.0,-0.8871715068817139,0.4401035010814667,-0.808401882648468,-0.9605355858802795,0.5702625513076782,0.9919576048851013,0.9736464023590088,0.16960403323173523,0.2565651834011078,0.21170367300510406,-0.9710078835487366,0.920027494430542,-0.0802929699420929,0.5137712955474854,0.04709014669060707,0.09236101806163788,0.06490861624479294,0.5617422461509705,-0.05681375414133072,-0.0048749614506959915,-0.09397191554307938,0.11944477260112762,0.030831152573227882,0.6077222228050232,-0.9877089858055115,-0.9991967678070068,0.7574335932731628,-0.20123091340065002
2026-06-30T15:01:07.397,4.95436770899687,39,1144.0,52.0,0.92,0.9868162050812543,312.0,44.0,0.08,0.08029297322041659,26.0,42.0,0.5128631980438532,0.5600518806744488,-1144.0,49.0,0.18,0.12170595864805067,669.5,48.0,0.25509781087755456,0.3062790875104906,416.0,51.0,0.21999999999999997,0.16960402838178074,637.0,51.0,0.9923451542854309,0.9575951781490807,286.0,52.0,0.0375768281519413,0.04546040669083595,0.664484441280365,-0.9923451542854309,-0.9998983144760132,0.8433297276496887,-0.14076605439186096,0.12170595675706863,0.30598917603492737,0.16960403323173523,-0.95759516954422,0.9727626442909241,-0.0802929699420929,0.5597314238548279,0.1658293455839157,0.10362666100263596,0.15791729092597961,0.07137840986251831,0.07784219831228256,0.006499908398836851,-0.27844905853271484,-0.8871715068817139,0.4401035010814667,-0.808401882648468,-0.9605355858802795,0.5702625513076782,0.9919576048851013,0.9736464023590088
2026-06-30T15:01:07.485,5.042111959075555,40,2762.5,52.0,1.0,0.9323262378881513,-123.5,44.0,0.08,0.08029297322041659,45.5,42.0,0.5728631980438532,0.5137560082398718,-390.0,49.0,0.12,0.1702143892576486,377.0,48.0,0.31509781087755456,0.25593957427328906,578.5,51.0,0.16999999999999998,0.212314030670634,481.0,51.0,0.9323451542854309,0.9740596627756161,2762.5,52.0,-0.7009748816490173,0.2950536608695984,-0.5547575354576111,-0.8733229041099548,0.5821278691291809,0.9505031108856201,0.8922900557518005,0.17021438479423523,0.2556496560573578,0.21231402456760406,-0.9740596413612366,0.9182726740837097,-0.0802929699420929,0.5134355425834656,0.09397191554307938,0.14362502098083496,0.1196737289428711,0.598383367061615,-0.030865192413330078,0.01137450896203518,-0.09719222038984299,0.0375768281519413,0.04546040669083595,0.664484441280365,-0.9923451542854309,-0.9998983144760132,0.8433297276496887,-0.14076605439186096
2026-06-30T15:01:07.572,5.129546583979391,41,663.0,52.0,0.92,0.9894407568474861,201.5,44.0,0.08,0.08029297322041659,0.0,42.0,0.5128631980438532,0.5630731670099947,-305.5,49.0,0.18,0.1210955977721828,663.0,48.0,0.25509781087755456,0.3071946288242924,273.0,51.0,0.21999999999999997,0.16960402838178074,396.5,51.0,0.9764332175254822,0.9322652018005647,533.0,52.0,0.10350429266691208,0.06831094622612,0.524592936038971,-0.9764332175254822,-0.9972975254058838,0.7389736175537109,-0.22448928654193878,0.12109559774398804,0.30690470337867737,0.16960403323173523,-0.9322652220726013,0.9753872156143188,-0.0802929699420929,0.5627527236938477,0.16424861550331116,0.06814422458410263,0.0988016128540039,0.13246691226959229,0.05033243075013161,0.0,-0.0762268453836441,-0.7009748816490173,0.2950536608695984,-0.5547575354576111,-0.8733229041099548,0.5821278691291809,0.9505031108856201,0.8922900557518005
2026-06-30T15:01:07.658,5.215872084023431,42,1527.5,52.0,1.0,0.9358510719462881,-260.0,44.0,0.08,0.08029297322041659,-6.5,42.0,0.5728631980438532,0.5154345006485084,-559.0,49.0,0.12,0.16899366750591288,253.5,48.0,0.31509781087755456,0.25716029602502477,611.0,51.0,0.16999999999999998,0.21139848935683223,539.5,51.0,0.9741244316101074,0.9642938887617305,1527.5,52.0,-0.9176648855209351,0.4731559455394745,-0.8552591800689697,-0.9741244316101074,0.5331788063049316,0.9959720373153687,0.9828312397003174,0.16899366676807404,0.2568703889846802,0.21139848232269287,-0.964293897151947,0.921797513961792,-0.0802929699420929,0.5151140689849854,0.06329029053449631,0.15157297253608704,0.13406306505203247,0.36433470249176025,-0.06490861624479294,-0.001624998520128429,-0.13884727656841278,0.10350429266691208,0.06831094622612,0.524592936038971,-0.9764332175254822,-0.9972975254058838,0.7389736175537109,-0.22448928654193878
2026-06-30T15:01:07.747,5.304095625062473,43,1235.0,52.0,1.0,0.9894407568474861,13.0,44.0,0.08,0.08029297322041659,19.5,42.0,0.5128631980438532,0.56240177004654,-318.5,49.0,0.18,0.12170595864805067,598.0,48.0,0.37509781087755456,0.3062790875104906,305.5,51.0,0.21999999999999997,0.16960402838178074,468.0,51.0,0.9141244316101074,0.9649042496375984,1235.0,52.0,0.16662901639938354,0.3868233561515808,0.16952140629291534,-0.42474469542503357,0.7683202028274536,0.014584504999220371,-0.2604382038116455,0.12170595675706863,0.30598917603492737,0.16960403323173523,-0.964904248714447,0.9753872156143188,-0.0802929699420929,0.5620813369750977,0.1483960747718811,0.0762268453836441,0.11646903306245804,0.2992995083332062,0.0032499886583536863,0.0048749614506959915,-0.07945714890956879,-0.9176648855209351,0.4731559455394745,-0.8552591800689697,-0.9741244316101074,0.5331788063049316,0.9959720373153687,0.9828312397003174
2026-06-30T15:01:07.832,5.389675084035844,44,578.5,52.0,0.92,0.9947203784237431,104.0,44.0,0.08,0.08029297322041659,19.5,42.0,0.45286319804385317,0.5140917067215991,-494.0,49.0,0.12,0.17112993057145037,201.5,48.0,0.43509781087755456,0.3657587548638132,305.5,51.0,0.16999999999999998,0.212314030670634,286.0,51.0,0.8541244316101073,0.9145799954222934,578.5,52.0,-0.35038259625434875,0.379910945892334,-0.23357230424880981,-0.5905942916870117,-0.9779542684555054,0.4483763575553894,-0.1145477145910263,0.17112992703914642,0.365468829870224,0.21231402456760406,-0.9145799875259399,0.9806668162345886,-0.0802929699420929,0.5137712955474854,0.05033243075013161,0.0762268453836441,0.07137840986251831,0.14362502098083496,0.02599414251744747,0.0048749614506959915,-0.12287592142820358,0.16662901639938354,0.3868233561515808,0.16952140629291534,-0.42474469542503357,0.7683202028274536,0.014584504999220371,-0.2604382038116455
2026-06-30T15:01:07.921,5.478401542059146,45,552.5,52.0,1.0,0.9305714503700312,-208.0,44.0,0.08,0.08029297322041659,0.0,42.0,0.5128631980438532,0.45334554055085063,-253.5,49.0,0.12,0.12079041733424889,526.5,48.0,0.49509781087755456,0.4267795834287022,325.0,51.0,0.12,0.16899366750591288,403.0,51.0,0.9141244316101074,0.8541695277332723,552.5,52.0,-0.8989284634590149,0.4224970042705536,-0.8327115178108215,-0.9596093893051147,0.4280061423778534,0.9897909164428711,0.9675166606903076,0.12079041451215744,0.4264896512031555,0.16899366676807404,-0.8541695475578308,0.9165179133415222,-0.0802929699420929,0.45302510261535645,0.13087008893489838,0.08107167482376099,0.10041049122810364,0.13725323975086212,-0.05195318162441254,0.0,-0.06329029053449631,-0.35038259625434875,0.379910945892334,-0.23357230424880981,-0.5905942916870117,-0.9779542684555054,0.4483763575553894,-0.1145477145910263
2026-06-30T15:01:08.009,5.566574375028722,46,591.5,52.0,0.92,0.9868162050812543,201.5,44.0,0.08,0.08029297322041659,13.0,42.0,0.45286319804385317,0.5016708628976883,-299.0,49.0,0.18,0.11866941329060808,123.5,48.0,0.43509781087755456,0.48473334859235523,370.5,51.0,0.16999999999999998,0.12079041733424889,591.5,51.0,0.9741244316101074,0.9045090409704738,71.5,52.0,0.10160987824201584,-0.01030735857784748,0.5488303303718567,-0.9783573746681213,-0.9946311116218567,0.6121689677238464,-0.2908743917942047,0.11866941303014755,0.48444342613220215,0.12079041451215744,-0.9045090675354004,0.9727626442909241,-0.0802929699420929,0.5013504028320312,0.030865192413330078,0.09236101806163788,0.1468064785003662,0.017873097211122513,0.05033243075013161,0.0032499886583536863,-0.07461109012365341,-0.8989284634590149,0.4224970042705536,-0.8327115178108215,-0.9596093893051147,0.4280061423778534,0.9897909164428711,0.9675166606903076
2026-06-30T15:01:08.093,5.650730750057846,47,897.0,52.0,1.0,0.9332112611581597,-253.5,44.0,0.08,0.08029297322041659,6.5,42.0,0.5128631980438532,0.4546883344777599,-396.5,49.0,0.12,0.1714351110093843,214.5,48.0,0.49509781087755456,0.43654535744258793,695.5,51.0,0.12,0.1628900587472343,195.0,51.0,0.9680131077766418,0.9621576256961928,897.0,52.0,-0.9047971367835999,0.4659736454486847,-0.8405964970588684,-0.9680131077766418,0.5099418759346008,0.995231032371521,0.9804986715316772,0.17143511772155762,0.43625542521476746,0.16289006173610687,-0.9621576070785522,0.9191576838493347,-0.0802929699420929,0.45436790585517883,0.05357365682721138,0.17214371263980865,0.048711419105529785,0.220565065741539,-0.06329029053449631,0.001624998520128429,-0.0988016128540039,0.10160987824201584,-0.01030735857784748,0.5488303303718567,-0.9783573746681213,-0.9946311116218567,0.6121689677238464,-0.2908743917942047
2026-06-30T15:01:08.181,5.73894404200837,48,682.5,52.0,0.92,0.987685969329366,266.5,44.0,0.08,0.08029297322041659,13.0,42.0,0.45286319804385317,0.5033493553063249,-312.0,49.0,0.18,0.1210955977721828,637.0,48.0,0.43509781087755456,0.48534370946822314,682.5,51.0,0.16999999999999998,0.11958495460440986,578.5,51.0,0.9895206093788147,0.9624628061341268,676.0,52.0,0.08161883056163788,0.06719166785478592,0.602367639541626,-0.9895206093788147,-0.9996258020401001,0.772943377494812,-0.270993173122406,0.12109559774398804,0.48505377769470215,0.11958495527505875,-0.9624627828598022,0.9736323952674866,-0.0802929699420929,0.503028929233551,0.15791729092597961,0.16898825764656067,0.14362502098083496,0.1674092411994934,0.06652659177780151,0.0032499886583536863,-0.07784219831228256,-0.9047971367835999,0.4659736454486847,-0.8405964970588684,-0.9680131077766418,0.5099418759346008,0.995231032371521,0.9804986715316772
2026-06-30T15:01:08.272,5.829188167001121,49,2645.5,52.0,1.0,0.9314564736400396,-279.5,44.0,0.08,0.08029297322041659,0.0,42.0,0.5128631980438532,0.45334554055085063,-331.5,49.0,0.12,0.17235065232318608,416.0,48.0,0.49509781087755456,0.43562981612878615,500.5,51.0,0.12,0.16411078049897002,364.0,51.0,0.9792367815971375,0.9722285801480124,2645.5,52.0,-0.9325906038284302,0.48587724566459656,-0.8812906742095947,-0.9792367815971375,0.5086156725883484,0.9972743988037109,0.9869672060012817,0.17235064506530762,0.43533989787101746,0.16411077976226807,-0.9722285866737366,0.9174029231071472,-0.0802929699420929,0.45302510261535645,0.10362666100263596,0.12447606772184372,0.09074963629245758,0.579277753829956,-0.0697614997625351,0.0,-0.08268578350543976,0.08161883056163788,0.06719166785478592,0.602367639541626,-0.9895206093788147,-0.9996258020401001,0.772943377494812,-0.270993173122406
2026-06-30T15:01:08.359,5.916410124977119,50,1033.5,52.0,0.92,0.9868162050812543,130.0,44.0,0.08,0.08029297322041659,6.5,42.0,0.45286319804385317,0.5023422598611429,-351.0,49.0,0.18,0.12231631952391851,643.5,48.0,0.43509781087755456,0.4844281681544213,500.5,51.0,0.16999999999999998,0.12079041733424889,370.5,51.0,0.924610435962677,0.9713130388342108,1033.5,52.0,0.10047093033790588,0.013042996637523174,0.1344681680202484,-0.924610435962677,-0.9735979437828064,0.49428272247314453,-0.0890425443649292,0.12231632322072983,0.48413825035095215,0.12079041451215744,-0.9713130593299866,0.9727626442909241,-0.0802929699420929,0.502021849155426,0.1595013588666916,0.12447606772184372,0.09236101806163788,0.2527749836444855,0.032488562166690826,0.001624998520128429,-0.08752546459436417,-0.9325906038284302,0.48587724566459656,-0.8812906742095947,-0.9792367815971375,0.5086156725883484,0.9972743988037109,0.9869672060012817
2026-06-30T15:01:08.442,5.999530334025621,51,630.5,52.0,1.0,0.9332112611581597,-149.5,44.0,0.08,0.08029297322041659,6.5,42.0,0.5128631980438532,0.45435263599603265,-468.0,49.0,0.12,0.17051956969558252,273.0,48.0,0.48151246513246787,0.436240177004654,630.5,51.0,0.12,0.16319523918516823,104.0,51.0,0.8910383582115173,0.9252460517280844,455.0,52.0,-0.7682579159736633,0.3510187864303589,-0.6625758409500122,-0.8910383582115173,0.4643203914165497,0.9752943515777588,0.9160399436950684,0.17051957547664642,0.43595024943351746,0.16319523751735687,-0.9252460598945618,0.9191576838493347,-0.0802929699420929,0.45403218269348145,0.06814422458410263,0.15633241832256317,0.02599414251744747,0.11326192319393158,-0.03735760599374771,0.001624998520128429,-0.11646903306245804,0.10047093033790588,0.013042996637523174,0.1344681680202484,-0.924610435962677,-0.9735979437828064,0.49428272247314453,-0.0890425443649292
2026-06-30T15:01:08.530,6.08771837502718,52,773.5,52.0,0.92,0.9894407568474861,247.0,44.0,0.08,0.08029297322041659,19.5,42.0,0.45286319804385317,0.5050278477149615,-318.5,49.0,0.18,0.12079041733424889,507.0,48.0,0.4215124651324679,0.4737621118486305,773.5,51.0,0.16999999999999998,0.11927977416647594,370.5,51.0,0.9510383582115174,0.8901655603875792,370.5,52.0,0.058693110942840576,0.07799257338047028,0.5812954306602478,-0.9846257567405701,-0.9990941286087036,0.7439556121826172,-0.22923237085342407,0.12079041451215744,0.4734721779823303,0.11927977204322815,-0.8901655673980713,0.9753872156143188,-0.0802929699420929,0.504707396030426,0.12607556581497192,0.19100016355514526,0.09236101806163788,0.09236101806163788,0.06167163327336311,0.0048749614506959915,-0.07945714890956879,-0.7682579159736633,0.3510187864303589,-0.6625758409500122,-0.8910383582115173,0.4643203914165497,0.9752943515777588,0.9160399436950684
2026-06-30T15:01:08.619,6.176338667050004,53,760.5,52.0,1.0,0.9323262378881513,-71.5,44.0,0.08,0.08114747844663159,-19.5,42.0,0.5128631980438532,0.4546883344777599,-539.5,49.0,0.12,0.17051956969558252,149.5,48.0,0.3615124651324679,0.423422598611429,760.5,51.0,0.12,0.16258487830930038,175.5,51.0,0.8910383582115173,0.9414206149385824,240.5,52.0,-0.5400324463844299,0.1626926213502884,-0.3963378667831421,-0.806000828742981,0.4458727538585663,0.8732062578201294,0.7161022424697876,0.17051957547664642,0.42313268780708313,0.16258487105369568,-0.9414206147193909,0.9182726740837097,-0.08114747703075409,0.45436790585517883,0.03735760599374771,0.18786679208278656,0.043846867978572845,0.06005265191197395,-0.017873097211122513,-0.0048749614506959915,-0.13406306505203247,0.058693110942840576,0.07799257338047028,0.5812954306602478,-0.9846257567405701,-0.9990941286087036,0.7439556121826172,-0.22923237085342407
2026-06-30T15:01:08.706,6.263269125018269,54,650.0,52.0,0.92,0.987685969329366,214.5,44.0,0.08,0.07945372701609826,39.0,42.0,0.45286319804385317,0.5046921492332341,-214.5,49.0,0.18,0.12201113908598459,650.0,48.0,0.3015124651324679,0.36270695048447393,630.5,51.0,0.16999999999999998,0.12018005645838102,507.0,51.0,0.9510383582115174,0.8923018234531168,546.0,52.0,0.10598570108413696,0.048180125653743744,0.5388885736465454,-0.9745340943336487,-0.9973150491714478,0.7075463533401489,-0.1048150509595871,0.12201113998889923,0.3624170422554016,0.12018005549907684,-0.8923017978668213,0.9736323952674866,-0.0794537290930748,0.504371702671051,0.1610846072435379,0.15633241832256317,0.12607556581497192,0.13565850257873535,0.05357365682721138,0.009749691002070904,-0.05357365682721138,-0.5400324463844299,0.1626926213502884,-0.3963378667831421,-0.806000828742981,0.4458727538585663,0.8732062578201294,0.7161022424697876
2026-06-30T15:01:08.791,6.348945750040002,55,611.0,52.0,1.0,0.9314564736400396,-182.0,45.0,0.08,0.08029297322041659,6.5,42.0,0.5128631980438532,0.45435263599603265,-357.5,49.0,0.12,0.1702143892576486,435.5,48.0,0.3615124651324679,0.30292210269321734,611.0,51.0,0.12,0.1628900587472343,182.0,51.0,0.9258947372436523,0.9420309758144504,318.5,52.0,-0.8129706978797913,0.40590938925743103,-0.7035993337631226,-0.9258947372436523,0.5308438539505005,0.9857132434844971,0.9479708075523376,0.17021438479423523,0.3026321828365326,0.16289006173610687,-0.9420309662818909,0.9174029231071472,-0.0802929699420929,0.45403218269348145,0.10844683647155762,0.15157297253608704,0.04546862840652466,0.07945714890956879,-0.04546862840652466,0.001624998520128429,-0.08913778513669968,0.10598570108413696,0.048180125653743744,0.5388885736465454,-0.9745340943336487,-0.9973150491714478,0.7075463533401489,-0.1048150509595871
2026-06-30T15:01:08.879,6.436381875071675,56,643.5,52.0,0.92,0.987685969329366,65.0,44.0,0.0958990453928709,0.08029297322041659,0.0,42.0,0.45286319804385317,0.5046921492332341,-32.5,49.0,0.18,0.12262149996185243,611.0,48.0,0.3015124651324679,0.35143053330281526,351.0,51.0,0.12,0.12048523689631493,643.5,51.0,0.8658947372436523,0.9252460517280844,201.5,52.0,0.07653547823429108,0.09496109932661057,-0.13015170395374298,-0.5191359519958496,-0.1371087282896042,-0.00883280299603939,-0.2834138572216034,0.12262149900197983,0.3511406183242798,0.12048523873090744,-0.9252460598945618,0.9736323952674866,-0.0802929699420929,0.504371702671051,0.15157297253608704,0.08752546459436417,0.1595013588666916,0.05033243075013161,0.016248568892478943,0.0,-0.00812482088804245,-0.8129706978797913,0.40590938925743103,-0.7035993337631226,-0.9258947372436523,0.5308438539505005,0.9857132434844971,0.9479708075523376
2026-06-30T15:01:08.966,6.523833167040721,57,676.0,52.0,1.0,0.9323262378881513,-136.5,44.0,0.08,0.09466697184710461,71.5,42.0,0.5128631980438532,0.45502403295948723,-344.5,49.0,0.12,0.17112993057145037,247.0,48.0,0.3615124651324679,0.30322728313115127,604.5,51.0,0.12,0.118974593728542,149.5,51.0,0.8663702607154846,0.8675974670023652,676.0,52.0,-0.6915811896324158,0.305764764547348,-0.5644071102142334,-0.8663702607154846,0.5155388116836548,0.9358908534049988,0.8637171387672424,0.17112992703914642,0.3029373586177826,0.11897459626197815,-0.8675974607467651,0.9182726740837097,-0.0946669727563858,0.45470359921455383,0.06167163327336311,0.1499849110841751,0.03735760599374771,0.1674092411994934,-0.034111760556697845,0.017873097211122513,-0.08591268211603165,0.07653547823429108,0.09496109932661057,-0.13015170395374298,-0.5191359519958496,-0.1371087282896042,-0.00883280299603939,-0.2834138572216034
2026-06-30T15:01:09.050,6.607852875022218,58,689.0,52.0,0.92,0.987685969329366,286.0,44.0,0.08,0.08114747844663159,0.0,42.0,0.45286319804385317,0.5056992446784161,-208.0,49.0,0.14308246437460184,0.12140077821011672,689.0,48.0,0.3015124651324679,0.352651255054551,422.5,52.0,0.16999999999999998,0.118974593728542,110.5,51.0,0.9263702607154847,0.864240482185092,188.5,52.0,0.010991649702191353,0.09911365807056427,0.5992844104766846,-0.9893257021903992,-0.9997958540916443,0.8079954981803894,-0.18509024381637573,0.12140078097581863,0.3523613214492798,0.11897459626197815,-0.8642404675483704,0.9736323952674866,-0.08114747703075409,0.505378782749176,0.17056642472743988,0.10523393750190735,0.02761797420680523,0.04709014669060707,0.07137840986251831,0.0,-0.05195318162441254,-0.6915811896324158,0.305764764547348,-0.5644071102142334,-0.8663702607154846,0.5155388116836548,0.9358908534049988,0.8637171387672424
2026-06-30T15:01:09.139,6.696363834082149,59,559.0,52.0,1.0,0.9340810254062714,-247.0,45.0,0.08,0.08029297322041659,0.0,42.0,0.5128631980438532,0.4546883344777599,-546.0,50.0,0.12,0.13727016098268102,442.0,48.0,0.3615124651324679,0.3035324635690852,559.0,52.0,0.12,0.1628900587472343,97.5,51.0,0.9647441506385803,0.9173266193636986,188.5,52.0,-0.8936009407043457,0.47145649790763855,-0.8166562914848328,-0.9647441506385803,0.5349000096321106,0.9945736527442932,0.9780162572860718,0.13727016746997833,0.3032425343990326,0.16289006173610687,-0.9173266291618347,0.920027494430542,-0.0802929699420929,0.45436790585517883,0.1100524440407753,0.13884727656841278,0.02437017299234867,0.04709014669060707,-0.06167163327336311,0.0,-0.13565850257873535,0.010991649702191353,0.09911365807056427,0.5992844104766846,-0.9893257021903992,-0.9997958540916443,0.8079954981803894,-0.18509024381637573
2026-06-30T15:01:09.226,6.783849667059258,60,988.0,52.0,0.92,0.987685969329366,305.5,44.0,0.08,0.08029297322041659,13.0,42.0,0.45286319804385317,0.5053635461966888,-58.5,49.0,0.18,0.11958495460440986,188.5,49.0,0.3015124651324679,0.352651255054551,357.5,52.0,0.16999999999999998,0.12018005645838102,513.5,51.0,0.9925580024719238,0.9548485542076754,988.0,52.0,0.1647249013185501,0.020885344594717026,0.684787392616272,-0.9925580024719238,-0.9998743534088135,0.8055941462516785,-0.24964827299118042,0.11958495527505875,0.3523613214492798,0.12018005549907684,-0.9548485279083252,0.9736323952674866,-0.0802929699420929,0.505043089389801,0.04709014669060707,0.08913778513669968,0.127674400806427,0.24209655821323395,0.0762268453836441,0.0032499886583536863,-0.014623957686126232,-0.8936009407043457,0.47145649790763855,-0.8166562914848328,-0.9647441506385803,0.5349000096321106,0.9945736527442932,0.9780162572860718
2026-06-30T15:01:09.313,6.870095791993663,61,2860.0,52.0,1.0,0.9314564736400396,-71.5,44.0,0.08,0.08029297322041659,26.0,42.0,0.5128631980438532,0.4546883344777599,-409.5,50.0,0.12,0.1714351110093843,240.5,48.0,0.2876646419894625,0.3026169222552834,578.5,52.0,0.12,0.16319523918516823,299.0,51.0,0.9325580024719238,0.9740596627756161,2860.0,52.0,-0.5290242433547974,0.18947893381118774,-0.3899495303630829,-0.822330117225647,0.5969286561012268,0.8383963704109192,0.751980185508728,0.17143511772155762,0.3023270070552826,0.16319523751735687,-0.9740596413612366,0.9174029231071472,-0.0802929699420929,0.45436790585517883,0.06005265191197395,0.14362502098083496,0.07461109012365341,0.6138026118278503,-0.017873097211122513,0.006499908398836851,-0.10201884061098099,0.1647249013185501,0.020885344594717026,0.684787392616272,-0.9925580024719238,-0.9998743534088135,0.8055941462516785,-0.24964827299118042
2026-06-30T15:01:09.400,6.957881542039104,62,559.0,52.0,0.92,0.9894407568474861,227.5,45.0,0.08,0.08029297322041659,6.5,42.0,0.45286319804385317,0.5063706416418707,-97.5,49.0,0.18,0.12079041733424889,559.0,48.0,0.2276646419894625,0.2861371786068513,143.0,52.0,0.16999999999999998,0.11927977416647594,448.5,51.0,0.9812270998954773,0.9313496604867628,390.0,52.0,0.07977298647165298,0.027595359832048416,0.5615677237510681,-0.9812270998954773,-0.9989197850227356,0.7512609362602234,-0.17697353661060333,0.12079041451215744,0.2858472466468811,0.11927977204322815,-0.9313496351242065,0.9753872156143188,-0.0802929699420929,0.5060502290725708,0.13884727656841278,0.03573477640748024,0.11165747046470642,0.09719222038984299,0.05681375414133072,0.001624998520128429,-0.02437017299234867,-0.5290242433547974,0.18947893381118774,-0.3899495303630829,-0.822330117225647,0.5969286561012268,0.8383963704109192,0.751980185508728
2026-06-30T15:01:09.489,7.04636279202532,63,1885.0,52.0,1.0,0.9340810254062714,-260.0,45.0,0.08,0.08029297322041659,0.0,42.0,0.5128631980438532,0.45502403295948723,-344.5,50.0,0.12,0.1692988479438468,481.0,48.0,0.2876646419894625,0.22970931563286792,585.0,52.0,0.12,0.16258487830930038,201.5,51.0,0.9757984280586243,0.9679560540169376,1885.0,52.0,-0.9174714088439941,0.4986853003501892,-0.8482375741004944,-0.9757984280586243,0.5891679525375366,0.9960740208625793,0.9844787120819092,0.16929884254932404,0.22941939532756805,0.16258487105369568,-0.9679560661315918,0.920027494430542,-0.0802929699420929,0.45470359921455383,0.1196737289428711,0.14521612226963043,0.05033243075013161,0.4392087459564209,-0.06490861624479294,0.0,-0.08591268211603165,0.07977298647165298,0.027595359832048416,0.5615677237510681,-0.9812270998954773,-0.9989197850227356,0.7512609362602234,-0.17697353661060333
2026-06-30T15:01:09.573,7.1305802090791985,64,1092.0,52.0,0.92,0.9885709925993744,286.0,45.0,0.08,0.08029297322041659,0.0,42.0,0.45286319804385317,0.5050278477149615,-234.0,50.0,0.18,0.12201113908598459,630.5,49.0,0.2276646419894625,0.2788281071183337,377.0,52.0,0.16999999999999998,0.12048523689631493,559.0,52.0,0.9909557700157166,0.9673456931410697,1092.0,52.0,0.21590176224708557,0.02659992314875126,0.6990441679954529,-0.9909557700157166,-0.9997894167900085,0.8076198697090149,-0.2553223669528961,0.12201113998889923,0.27853819727897644,0.12048523873090744,-0.9673457145690918,0.9745174050331116,-0.0802929699420929,0.504707396030426,0.15633241832256317,0.09397191554307938,0.13884727656841278,0.2664141356945038,0.07137840986251831,0.0,-0.05843335762619972,-0.9174714088439941,0.4986853003501892,-0.8482375741004944,-0.9757984280586243,0.5891679525375366,0.9960740208625793,0.9844787120819092
2026-06-30T15:01:09.659,7.216673208982684,65,2762.5,52.0,1.0,0.9358510719462881,-325.0,45.0,0.08,0.08029297322041659,13.0,42.0,0.5128631980438532,0.45670252536812384,-559.0,50.0,0.12,0.1680781261921111,240.5,48.0,0.2876646419894625,0.23093003738460366,559.0,52.0,0.12,0.16136415655756467,182.0,51.0,0.988753616809845,0.9731441214618143,2762.5,52.0,-0.95393967628479,0.5731503367424011,-0.9054940342903137,-0.988753616809845,0.6309462785720825,0.9987353086471558,0.9938099980354309,0.16807812452316284,0.23064011335372925,0.16136415302753448,-0.9731441140174866,0.921797513961792,-0.0802929699420929,0.4563820958137512,0.06005265191197395,0.13884727656841278,0.04546862840652466,0.598383367061615,-0.08107167482376099,0.0032499886583536863,-0.13884727656841278,0.21590176224708557,0.02659992314875126,0.6990441679954529,-0.9909557700157166,-0.9997894167900085,0.8076198697090149,-0.2553223669528961
2026-06-30T15:01:09.743,7.300634042010643,66,2294.5,52.0,0.92,0.9885709925993744,201.5,44.0,0.08,0.08029297322041659,-13.0,42.0,0.45286319804385317,0.5050278477149615,-182.0,50.0,0.18,0.12170595864805067,611.0,49.0,0.2276646419894625,0.2785229266803998,299.0,52.0,0.16999999999999998,0.12048523689631493,318.5,52.0,0.9832446575164795,0.9731441214618143,2294.5,52.0,0.2591466009616852,0.06033463403582573,0.5010005235671997,-0.9832446575164795,-0.998547375202179,0.7084659337997437,-0.3248664140701294,0.12170595675706863,0.27823299169540405,0.12048523873090744,-0.9731441140174866,0.9745174050331116,-0.0802929699420929,0.504707396030426,0.15157297253608704,0.07461109012365341,0.07945714890956879,0.518016517162323,0.05033243075013161,-0.0032499886583536863,-0.04546862840652466,-0.95393967628479,0.5731503367424011,-0.9054940342903137,-0.988753616809845,0.6309462785720825,0.9987353086471558,0.9938099980354309
2026-06-30T15:01:09.830,7.387543625081889,67,1482.0,52.0,1.0,0.9323262378881513,-234.0,44.0,0.08,0.08029297322041659,6.5,42.0,0.5128631980438532,0.45368123903257795,-468.0,50.0,0.12,0.17112993057145037,364.0,48.0,0.2876646419894625,0.2281834134431983,546.0,52.0,0.12,0.1638056000610361,195.0,52.0,0.9665494561195374,0.9725337605859463,1482.0,52.0,-0.8908355832099915,0.455795556306839,-0.8135959506034851,-0.9665494561195374,0.5549838542938232,0.9943369030952454,0.9753866791725159,0.17112992703914642,0.22789348661899567,0.16380560398101807,-0.9725337624549866,0.9182726740837097,-0.0802929699420929,0.45336079597473145,0.09074963629245758,0.13565850257873535,0.048711419105529785,0.3544289767742157,-0.05843335762619972,0.001624998520128429,-0.11646903306245804,0.2591466009616852,0.06033463403582573,0.5010005235671997,-0.9832446575164795,-0.998547375202179,0.7084659337997437,-0.3248664140701294
2026-06-30T15:01:09.919,7.47637095907703,68,624.0,52.0,0.92,0.9868162050812543,201.5,45.0,0.08,0.08029297322041659,13.0,42.0,0.45286319804385317,0.5050278477149615,-104.0,50.0,0.18,0.12201113908598459,624.0,49.0,0.2276646419894625,0.27821774624246587,487.5,52.0,0.16999999999999998,0.12048523689631493,377.0,51.0,0.9765259623527527,0.9633783474479286,325.0,52.0,0.26623374223709106,0.07279971987009048,0.6496931910514832,-0.9765259623527527,-0.9960764646530151,0.7051356434822083,-0.3248758614063263,0.12201113998889923,0.27792781591415405,0.12048523873090744,-0.963378369808197,0.9727626442909241,-0.0802929699420929,0.504707396030426,0.15474672615528107,0.12127514183521271,0.09397191554307938,0.08107167482376099,0.05033243075013161,0.0032499886583536863,-0.02599414251744747,-0.8908355832099915,0.455795556306839,-0.8135959506034851,-0.9665494561195374,0.5549838542938232,0.9943369030952454,0.9753866791725159
2026-06-30T15:01:10.007,7.5645290419925,69,1488.5,52.0,1.0,0.9314564736400396,-130.0,45.0,0.08,0.08029297322041659,26.0,42.0,0.5128631980438532,0.4546883344777599,-526.5,50.0,0.12,0.17082475013351645,279.5,49.0,0.2876646419894625,0.2284885938811322,546.0,52.0,0.12,0.1628900587472343,117.0,52.0,0.9165259623527526,0.9658197909514,1488.5,52.0,-0.6997413039207458,0.30521905422210693,-0.575370192527771,-0.8904792070388794,0.5570352673530579,0.9678985476493835,0.8942652344703674,0.17082475125789642,0.22819867730140686,0.16289006173610687,-0.965819776058197,0.9174029231071472,-0.0802929699420929,0.45436790585517883,0.0697614997625351,0.13565850257873535,0.029241660609841347,0.355849027633667,-0.032488562166690826,0.006499908398836851,-0.13087008893489838,0.26623374223709106,0.07279971987009048,0.6496931910514832,-0.9765259623527527,-0.9960764646530151,0.7051356434822083,-0.3248758614063263
2026-06-30T15:01:10.095,7.6523973339935765,70,663.0,52.0,0.92,0.9885709925993744,266.5,45.0,0.08,0.08029297322041659,13.0,42.0,0.45286319804385317,0.5053635461966888,-130.0,50.0,0.18,0.12170595864805067,663.0,49.0,0.2276646419894625,0.2794384679942016,448.5,52.0,0.16999999999999998,0.12018005645838102,533.0,51.0,0.9765259623527527,0.9170214389257649,494.0,52.0,0.1558506041765213,0.04874137043952942,0.6579155921936035,-0.9863303899765015,-0.9995416402816772,0.7934979796409607,-0.18290840089321136,0.12170595675706863,0.27914854884147644,0.12018005549907684,-0.9170214533805847,0.9745174050331116,-0.0802929699420929,0.505043089389801,0.16424861550331116,0.11165747046470642,0.13246691226959229,0.12287592142820358,0.06652659177780151,0.0032499886583536863,-0.032488562166690826,-0.6997413039207458,0.30521905422210693,-0.575370192527771,-0.8904792070388794,0.5570352673530579,0.9678985476493835,0.8942652344703674
2026-06-30T15:01:10.179,7.736362625029869,71,955.5,52.0,1.0,0.9349660486762797,-227.5,45.0,0.08,0.08029297322041659,26.0,42.0,0.5128631980438532,0.45670252536812384,-611.0,50.0,0.12,0.1680781261921111,130.0,49.0,0.2876646419894625,0.23093003738460366,637.0,52.0,0.12,0.16136415655756467,-26.0,52.0,0.9574018120765686,0.9624628061341268,955.5,52.0,-0.8734082579612732,0.4624214768409729,-0.7796334028244019,-0.9574018120765686,0.603655219078064,0.9916588664054871,0.9729534983634949,0.16807812452316284,0.23064011335372925,0.16136415302753448,-0.9624627828598022,0.920912504196167,-0.0802929699420929,0.4563820958137512,0.032488562166690826,0.15791729092597961,-0.006499908398836851,0.2344328612089157,-0.05681375414133072,0.006499908398836851,-0.15157297253608704,0.1558506041765213,0.04874137043952942,0.6579155921936035,-0.9863303899765015,-0.9995416402816772,0.7934979796409607,-0.18290840089321136
2026-06-30T15:01:10.273,7.830799584044144,72,643.5,53.0,0.92,0.9885709925993744,273.0,45.0,0.08,0.08029297322041659,13.0,42.0,0.45286319804385317,0.5050278477149615,-208.0,50.0,0.18,0.12170595864805067,643.5,49.0,0.2276646419894625,0.2785229266803998,520.0,52.0,0.16999999999999998,0.12018005645838102,468.0,52.0,0.9873507022857666,0.9551537346456094,247.0,53.0,0.20995354652404785,0.0413409098982811,0.720980167388916,-0.9873507022857666,-0.9995646476745605,0.806850790977478,-0.2590288817882538,0.12170595675706863,0.27823299169540405,0.12018005549907684,-0.95515376329422,0.9745174050331116,-0.0802929699420929,0.504707396030426,0.1595013588666916,0.12927258014678955,0.11646903306245804,0.06167163327336311,0.06814422458410263,0.0032499886583536863,-0.05195318162441254,-0.8734082579612732,0.4624214768409729,-0.7796334028244019,-0.9574018120765686,0.603655219078064,0.9916588664054871,0.9729534983634949
2026-06-30T15:01:10.351,7.908880374976434,73,2372.5,53.0,1.0,0.9349660486762797,-182.0,44.0,0.08,0.08029297322041659,26.0,42.0,0.5128631980438532,0.45670252536812384,-578.5,50.0,0.12,0.1680781261921111,539.5,49.0,0.2876646419894625,0.2306248569466697,546.0,52.0,0.12,0.16105897611963074,169.0,52.0,0.9366015791893005,0.9713130388342108,2372.5,53.0,-0.8230790495872498,0.37666934728622437,-0.7236543893814087,-0.9366015791893005,0.5296353697776794,0.986267626285553,0.9485175609588623,0.16807812452316284,0.23033493757247925,0.16105897724628448,-0.9713130593299866,0.920912504196167,-0.0802929699420929,0.4563820958137512,0.13406306505203247,0.13565850257873535,0.04222487658262253,0.5321394205093384,-0.04546862840652466,0.006499908398836851,-0.14362502098083496,0.20995354652404785,0.0413409098982811,0.720980167388916,-0.9873507022857666,-0.9995646476745605,0.806850790977478,-0.2590288817882538
2026-06-30T15:01:10.437,7.994729042053223,74,643.5,53.0,0.92,0.9868162050812543,260.0,45.0,0.08,0.08029297322041659,0.0,42.0,0.45286319804385317,0.5046921492332341,-39.0,50.0,0.18,0.12262149996185243,643.5,49.0,0.2276646419894625,0.277607385366598,377.0,52.0,0.16999999999999998,0.12079041733424889,338.0,52.0,0.9868234992027283,0.9365377279316395,585.0,53.0,0.2017689049243927,0.04090278223156929,0.6810250878334045,-0.9868234992027283,-0.9994317293167114,0.7736035585403442,-0.2679130733013153,0.12262149900197983,0.27731746435165405,0.12079041451215744,-0.9365377426147461,0.9727626442909241,-0.0802929699420929,0.504371702671051,0.1595013588666916,0.09397191554307938,0.08429945260286331,0.14521612226963043,0.06490861624479294,0.0,-0.009749691002070904,-0.8230790495872498,0.37666934728622437,-0.7236543893814087,-0.9366015791893005,0.5296353697776794,0.986267626285553,0.9485175609588623
2026-06-30T15:01:10.526,8.083892708993517,75,1898.0,52.0,1.0,0.9323262378881513,-188.5,45.0,0.08,0.08029297322041659,6.5,42.0,0.5128631980438532,0.4546883344777599,-286.0,50.0,0.12,0.17082475013351645,299.0,49.0,0.2876646419894625,0.2284885938811322,559.0,52.0,0.12,0.16319523918516823,260.0,51.0,0.9392141699790955,0.9719233997100785,1898.0,52.0,-0.8327544331550598,0.4075947105884552,-0.7283597588539124,-0.9392141699790955,0.5721827745437622,0.9872587323188782,0.9563611745834351,0.17082475125789642,0.22819867730140686,0.16319523751735687,-0.9719234108924866,0.9182726740837097,-0.0802929699420929,0.45436790585517883,0.07461109012365341,0.13884727656841278,0.06490861624479294,0.44182804226875305,-0.04709014669060707,0.001624998520128429,-0.07137840986251831,0.2017689049243927,0.04090278223156929,0.6810250878334045,-0.9868234992027283,-0.9994317293167114,0.7736035585403442,-0.2679130733013153
2026-06-30T15:01:10.614,8.172108917031437,76,617.5,53.0,0.92,0.9885709925993744,188.5,45.0,0.08,0.08029297322041659,6.5,42.0,0.45286319804385317,0.5056992446784161,-117.0,50.0,0.18,0.12170595864805067,539.5,49.0,0.2276646419894625,0.27913328755626765,318.5,52.0,0.16999999999999998,0.12018005645838102,617.5,52.0,0.9729077816009521,0.9383688105592431,344.5,53.0,0.2510298788547516,0.036107387393713,0.6112372875213623,-0.9729077816009521,-0.9940443634986877,0.6871647834777832,-0.28158462047576904,0.12170595675706863,0.27884337306022644,0.12018005549907684,-0.9383687973022461,0.9745174050331116,-0.0802929699420929,0.505378782749176,0.13406306505203247,0.07945714890956879,0.1531602442264557,0.08591268211603165,0.04709014669060707,0.001624998520128429,-0.029241660609841347,-0.8327544331550598,0.4075947105884552,-0.7283597588539124,-0.9392141699790955,0.5721827745437622,0.9872587323188782,0.9563611745834351
2026-06-30T15:01:10.699,8.256939333979972,77,1170.0,52.0,1.0,0.9340810254062714,-188.5,45.0,0.08,0.08029297322041659,6.5,42.0,0.5128631980438532,0.45670252536812384,-656.5,50.0,0.12,0.16746776531624322,97.5,49.0,0.2876646419894625,0.23093003738460366,611.0,52.0,0.12,0.1616693369954986,-45.5,52.0,0.9338705539703369,0.9621576256961928,1170.0,52.0,-0.8256880044937134,0.4099811017513275,-0.7171748876571655,-0.9338705539703369,0.5748504400253296,0.9862327575683594,0.9532849788665771,0.16746775805950165,0.23064011335372925,0.16166934370994568,-0.9621576070785522,0.920027494430542,-0.0802929699420929,0.4563820958137512,0.02437017299234867,0.15157297253608704,-0.01137450896203518,0.2844341993331909,-0.04709014669060707,0.001624998520128429,-0.16266702115535736,0.2510298788547516,0.036107387393713,0.6112372875213623,-0.9729077816009521,-0.9940443634986877,0.6871647834777832,-0.28158462047576904
2026-06-30T15:01:10.787,8.344369459082372,78,598.0,53.0,0.92,0.9885709925993744,227.5,45.0,0.08,0.08029297322041659,19.5,42.0,0.45286319804385317,0.5053635461966888,-39.0,50.0,0.18,0.12231631952391851,513.5,49.0,0.2276646419894625,0.27821774624246587,351.0,52.0,0.16999999999999998,0.12048523689631493,598.0,52.0,0.9807226061820984,0.9334859235523003,292.5,53.0,0.23655521869659424,0.01902974583208561,0.6834917068481445,-0.9807226061820984,-0.9980002641677856,0.741426408290863,-0.2718518376350403,0.12231632322072983,0.27792781591415405,0.12048523873090744,-0.9334859251976013,0.9745174050331116,-0.0802929699420929,0.505043089389801,0.127674400806427,0.08752546459436417,0.1483960747718811,0.07299493998289108,0.05681375414133072,0.0048749614506959915,-0.009749691002070904,-0.8256880044937134,0.4099811017513275,-0.7171748876571655,-0.9338705539703369,0.5748504400253296,0.9862327575683594,0.9532849788665771
2026-06-30T15:01:10.875,8.43272370903287,79,1898.0,53.0,1.0,0.9323262378881513,-253.5,45.0,0.08,0.08029297322041659,0.0,42.0,0.5128631980438532,0.4546883344777599,-422.5,50.0,0.12,0.17051956969558252,331.5,49.0,0.2876646419894625,0.2284885938811322,591.5,52.0,0.12,0.16350041962310216,390.0,52.0,0.9728916883468628,0.9673456931410697,1898.0,53.0,-0.9081974625587463,0.47107788920402527,-0.8402137756347656,-0.9728916883468628,0.5495970845222473,0.9959593415260315,0.9817150831222534,0.17051957547664642,0.22819867730140686,0.16350041329860687,-0.9673457145690918,0.9182726740837097,-0.0802929699420929,0.45436790585517883,0.08268578350543976,0.1468064785003662,0.09719222038984299,0.44182804226875305,-0.06329029053449631,0.0,-0.10523393750190735,0.23655521869659424,0.01902974583208561,0.6834917068481445,-0.9807226061820984,-0.9980002641677856,0.741426408290863,-0.2718518376350403
2026-06-30T15:01:10.964,8.52212458406575,80,877.5,53.0,0.92,0.987685969329366,325.0,45.0,0.08,0.08029297322041659,0.0,42.0,0.45286319804385317,0.5056992446784161,-19.5,50.0,0.18,0.1210955977721828,643.5,49.0,0.2276646419894625,0.2788281071183337,312.0,52.0,0.16999999999999998,0.11989013504234378,500.5,52.0,0.9939147233963013,0.9664301518272679,877.5,53.0,0.1987495869398117,0.038632601499557495,0.710618257522583,-0.9939147233963013,-0.9999421238899231,0.8379051685333252,-0.22794383764266968,0.12109559774398804,0.27853819727897644,0.11989013850688934,-0.966430127620697,0.9736323952674866,-0.0802929699420929,0.505378782749176,0.1595013588666916,0.07784219831228256,0.12447606772184372,0.2159222811460495,0.08107167482376099,0.0,-0.0048749614506959915,-0.9081974625587463,0.47107788920402527,-0.8402137756347656,-0.9728916883468628,0.5495970845222473,0.9959593415260315,0.9817150831222534
2026-06-30T15:01:11.049,8.606648834072985,81,2918.5,52.0,1.0,0.9349660486762797,-338.0,45.0,0.08,0.08029297322041659,-26.0,42.0,0.5128631980438532,0.45670252536812384,-676.0,50.0,0.12,0.16777294575417714,208.0,49.0,0.2876646419894625,0.2306248569466697,864.5,52.0,0.12,0.16136415655756467,117.0,52.0,0.9904665946960449,0.974670023651484,2918.5,52.0,-0.9598085880279541,0.5860497951507568,-0.9143186807632446,-0.9904665946960449,0.6425759792327881,0.9989089965820312,0.9947991967201233,0.16777294874191284,0.23033493757247925,0.16136415302753448,-0.9746700525283813,0.920912504196167,-0.0802929699420929,0.4563820958137512,0.05195318162441254,0.21282163262367249,0.029241660609841347,0.6228358745574951,-0.08429945260286331,-0.006499908398836851,-0.1674092411994934,0.1987495869398117,0.038632601499557495,0.710618257522583,-0.9939147233963013,-0.9999421238899231,0.8379051685333252,-0.22794383764266968
2026-06-30T15:01:11.138,8.695866208989173,82,2314.0,53.0,0.92,0.9885709925993744,273.0,45.0,0.08,0.08029297322041659,26.0,42.0,0.45286319804385317,0.5046921492332341,-208.0,50.0,0.18,0.12170595864805067,611.0,49.0,0.2276646419894625,0.2788281071183337,240.5,52.0,0.16999999999999998,0.12048523689631493,585.0,52.0,0.9918023943901062,0.974670023651484,2314.0,53.0,0.24312837421894073,0.02188062109053135,0.649609386920929,-0.9918023943901062,-0.9997811913490295,0.7942440509796143,-0.2726287245750427,0.12170595675706863,0.27853819727897644,0.12048523873090744,-0.9746700525283813,0.9745174050331116,-0.0802929699420929,0.504371702671051,0.15157297253608704,0.06005265191197395,0.14521612226963043,0.5215743184089661,0.06814422458410263,0.006499908398836851,-0.05195318162441254,-0.9598085880279541,0.5860497951507568,-0.9143186807632446,-0.9904665946960449,0.6425759792327881,0.9989089965820312,0.9947991967201233
2026-06-30T15:01:11.225,8.782371334033087,83,2606.5,53.0,1.0,0.9323262378881513,-286.0,45.0,0.08,0.08029297322041659,32.5,42.0,0.5128631980438532,0.4546883344777599,-377.0,50.0,0.12,0.17051956969558252,455.0,49.0,0.2876646419894625,0.2284885938811322,533.0,52.0,0.12,0.1628900587472343,117.0,52.0,0.982624351978302,0.974670023651484,2606.5,53.0,-0.9313952922821045,0.5280110836029053,-0.8692629337310791,-0.982624351978302,0.6168736219406128,0.9976173639297485,0.9888327717781067,0.17051957547664642,0.22819867730140686,0.16289006173610687,-0.9746700525283813,0.9182726740837097,-0.0802929699420929,0.45436790585517883,0.11326192319393158,0.13246691226959229,0.029241660609841347,0.5727629065513611,-0.07137840986251831,0.00812482088804245,-0.09397191554307938,0.24312837421894073,0.02188062109053135,0.649609386920929,-0.9918023943901062,-0.9997811913490295,0.7942440509796143,-0.2726287245750427
2026-06-30T15:01:11.310,8.867348875035532,84,1267.5,52.0,0.92,0.9885709925993744,162.5,45.0,0.08,0.08029297322041659,0.0,42.0,0.45286319804385317,0.5053635461966888,-123.5,50.0,0.18,0.12170595864805067,624.0,49.0,0.2276646419894625,0.27913328755626765,455.0,52.0,0.16999999999999998,0.12018005645838102,624.0,52.0,0.9566770792007446,0.9734493018997482,1267.5,52.0,0.22582127153873444,0.06725649535655975,0.42030656337738037,-0.9566770792007446,-0.9913259148597717,0.6133120656013489,-0.3126499354839325,0.12170595675706863,0.27884337306022644,0.12018005549907684,-0.9734492897987366,0.9745174050331116,-0.0802929699420929,0.505043089389801,0.15474672615528107,0.11326192319393158,0.15474672615528107,0.30667856335639954,0.0406026653945446,0.0,-0.030865192413330078,-0.9313952922821045,0.5280110836029053,-0.8692629337310791,-0.982624351978302,0.6168736219406128,0.9976173639297485,0.9888327717781067
2026-06-30T15:01:11.397,8.954473625053652,85,611.0,53.0,1.0,0.9332112611581597,-253.5,45.0,0.08,0.08029297322041659,19.5,42.0,0.5128631980438532,0.45502403295948723,-344.5,50.0,0.12,0.16990920881971466,370.5,49.0,0.2876646419894625,0.22879377431906614,611.0,52.0,0.12,0.1628900587472343,130.0,52.0,0.973020076751709,0.9548485542076754,221.0,53.0,-0.9029867649078369,0.5065506100654602,-0.8218836784362793,-0.973020076751709,0.59348064661026,0.9959373474121094,0.9817841053009033,0.16990920901298523,0.22850385308265686,0.16289006173610687,-0.9548485279083252,0.9191576838493347,-0.0802929699420929,0.45470359921455383,0.09236101806163788,0.15157297253608704,0.032488562166690826,0.05519384890794754,-0.06329029053449631,0.0048749614506959915,-0.08591268211603165,0.22582127153873444,0.06725649535655975,0.42030656337738037,-0.9566770792007446,-0.9913259148597717,0.6133120656013489,-0.3126499354839325
2026-06-30T15:01:11.481,9.03833791706711,86,1404.0,53.0,0.92,0.9885709925993744,234.0,45.0,0.08,0.08029297322041659,26.0,42.0,0.45286319804385317,0.5050278477149615,-208.0,50.0,0.18,0.12201113908598459,507.0,49.0,0.2276646419894625,0.27913328755626765,377.0,52.0,0.16999999999999998,0.12018005645838102,455.0,52.0,0.9862622022628784,0.9627679865720608,1404.0,53.0,0.24991518259048462,0.03750232979655266,0.6513140797615051,-0.9862622022628784,-0.9989916086196899,0.7495368719100952,-0.2841572165489197,0.12201113998889923,0.27884337306022644,0.12018005549907684,-0.9627679586410522,0.9745174050331116,-0.0802929699420929,0.504707396030426,0.12607556581497192,0.09397191554307938,0.11326192319393158,0.3372620940208435,0.05843335762619972,0.006499908398836851,-0.05195318162441254,-0.9029867649078369,0.5065506100654602,-0.8218836784362793,-0.973020076751709,0.59348064661026,0.9959373474121094,0.9817841053009033
2026-06-30T15:01:11.569,9.126835125032812,87,2340.0,53.0,1.0,0.9332112611581597,-19.5,45.0,0.08,0.08029297322041659,26.0,42.0,0.5128631980438532,0.45502403295948723,-513.5,50.0,0.12,0.1702143892576486,442.0,49.0,0.2876646419894625,0.22879377431906614,643.5,52.0,0.12,0.1628900587472343,149.5,52.0,0.9262622022628784,0.9703974975204089,2340.0,53.0,-0.45747533440589905,0.23491162061691284,-0.14590562880039215,-0.8576934337615967,0.7693231701850891,0.6900911331176758,0.6138653755187988,0.17021438479423523,0.22850385308265686,0.16289006173610687,-0.9703974723815918,0.9191576838493347,-0.0802929699420929,0.45470359921455383,0.1100524440407753,0.1595013588666916,0.03735760599374771,0.5262900590896606,-0.0048749614506959915,0.006499908398836851,-0.127674400806427,0.24991518259048462,0.03750232979655266,0.6513140797615051,-0.9862622022628784,-0.9989916086196899,0.7495368719100952,-0.2841572165489197
2026-06-30T15:01:11.658,9.216133375070058,88,643.5,53.0,0.92,0.987685969329366,221.0,45.0,0.08,0.08029297322041659,13.0,42.0,0.45286319804385317,0.5053635461966888,-58.5,50.0,0.18,0.12201113908598459,643.5,49.0,0.2276646419894625,0.2788281071183337,325.0,52.0,0.16999999999999998,0.12048523689631493,637.0,52.0,0.9781127572059631,0.9267719539177539,585.0,53.0,0.048545293509960175,0.03619127720594406,0.5234809517860413,-0.9781127572059631,-0.9991317987442017,0.7703695297241211,-0.11276441812515259,0.12201113998889923,0.27853819727897644,0.12048523873090744,-0.9267719388008118,0.9736323952674866,-0.0802929699420929,0.505043089389801,0.1595013588666916,0.08107167482376099,0.15791729092597961,0.14521612226963043,0.05519384890794754,0.0032499886583536863,-0.014623957686126232,-0.45747533440589905,0.23491162061691284,-0.14590562880039215,-0.8576934337615967,0.7693231701850891,0.6900911331176758,0.6138653755187988
2026-06-30T15:01:11.742,9.299516709055752,89,1508.0,53.0,1.0,0.9323262378881513,-208.0,45.0,0.08,0.08029297322041659,19.5,42.0,0.5128631980438532,0.4546883344777599,-364.0,50.0,0.12,0.17051956969558252,338.0,49.0,0.2876646419894625,0.22879377431906614,604.5,52.0,0.12,0.16319523918516823,214.5,52.0,0.9518201351165771,0.9658197909514,1508.0,53.0,-0.8648644089698792,0.44126468896865845,-0.768126904964447,-0.9518201351165771,0.5899027585983276,0.9898562431335449,0.9679200649261475,0.17051957547664642,0.22850385308265686,0.16319523751735687,-0.965819776058197,0.9182726740837097,-0.0802929699420929,0.45436790585517883,0.08429945260286331,0.1499849110841751,0.05357365682721138,0.36009931564331055,-0.05195318162441254,0.0048749614506959915,-0.09074963629245758,0.048545293509960175,0.03619127720594406,0.5234809517860413,-0.9781127572059631,-0.9991317987442017,0.7703695297241211,-0.11276441812515259
2026-06-30T15:01:11.830,9.387849875027314,90,494.0,53.0,0.92,0.9885709925993744,312.0,45.0,0.08,0.08029297322041659,6.5,42.0,0.45286319804385317,0.506706340123598,-156.0,50.0,0.18,0.12048523689631493,494.0,49.0,0.2276646419894625,0.2797436484321355,429.0,52.0,0.16999999999999998,0.11927977416647594,422.5,52.0,0.9918780326843262,0.9499656672007323,208.0,53.0,0.17528939247131348,0.04279801622033119,0.7258267998695374,-0.9918780326843262,-0.9998863935470581,0.8377723097801208,-0.21664108335971832,0.12048523873090744,0.27945372462272644,0.11927977204322815,-0.9499656558036804,0.9745174050331116,-0.0802929699420929,0.5063859224319458,0.12287592142820358,0.10684067010879517,0.10523393750190735,0.05195318162441254,0.07784219831228256,0.001624998520128429,-0.038980238139629364,-0.8648644089698792,0.44126468896865845,-0.768126904964447,-0.9518201351165771,0.5899027585983276,0.9898562431335449,0.9679200649261475
2026-06-30T15:01:11.919,9.476342167006806,91,2652.0,53.0,1.0,0.9323262378881513,-208.0,45.0,0.08,0.08029297322041659,13.0,42.0,0.5128631980438532,0.45502403295948723,-312.0,50.0,0.12,0.16990920881971466,338.0,49.0,0.2876646419894625,0.22879377431906614,643.5,52.0,0.12,0.1628900587472343,266.5,52.0,0.9531625509262085,0.97436484321355,2652.0,53.0,-0.8602515459060669,0.4213911294937134,-0.766582727432251,-0.9531625509262085,0.5859456658363342,0.9898034930229187,0.9663444757461548,0.16990920901298523,0.22850385308265686,0.16289006173610687,-0.9743648171424866,0.9182726740837097,-0.0802929699420929,0.45470359921455383,0.08429945260286331,0.1595013588666916,0.06652659177780151,0.5803564190864563,-0.05195318162441254,0.0032499886583536863,-0.07784219831228256,0.17528939247131348,0.04279801622033119,0.7258267998695374,-0.9918780326843262,-0.9998863935470581,0.8377723097801208,-0.21664108335971832
