timestamp,mode,channel,score_all_abs_ma,max_abs_current_ma,max_temp_c,slider_0,cmd_norm_0,pos_norm_0,err_norm_0,curr_ma_0,temp_c_0,slider_1,cmd_norm_1,pos_norm_1,err_norm_1,curr_ma_1,temp_c_1,slider_2,cmd_norm_2,pos_norm_2,err_norm_2,curr_ma_2,temp_c_2,slider_3,cmd_norm_3,pos_norm_3,err_norm_3,curr_ma_3,temp_c_3,slider_4,cmd_norm_4,pos_norm_4,err_norm_4,curr_ma_4,temp_c_4,slider_5,cmd_norm_5,pos_norm_5,err_norm_5,curr_ma_5,temp_c_5,slider_6,cmd_norm_6,pos_norm_6,err_norm_6,curr_ma_6,temp_c_6
1780975693.570739,baseline,,567.6666666666666,264.3333333333333,38.0,0.014,0.014,0.014053559166857405,5.355916685740453e-05,8.666666666666666,36.333333333333336,0.0,0.0,0.0,0.0,264.3333333333333,38.0,0.055,0.055,0.054352635996032655,-0.0006473640039673448,-17.333333333333332,38.0,0.0,0.0,0.0,0.0,147.33333333333334,38.0,0.0,0.0,0.0,0.0,10.833333333333334,36.0,0.0,0.0,0.0,0.0,32.5,35.0,0.0,0.0,0.0,0.0,86.66666666666667,38.0
1780975694.423518,sweep,0,855.8333333333334,309.8333333333333,38.0,0.0,0.0,0.012293685308105083,0.012293685308105083,-309.8333333333333,36.0,0.0,0.0,0.0,0.0,260.0,38.0,0.055,0.055,0.054352635996032655,-0.0006473640039673448,-8.666666666666666,38.0,0.0,0.0,0.0,0.0,140.83333333333334,38.0,0.0,0.0,0.0,0.0,17.333333333333332,36.0,0.0,0.0,0.0,0.0,30.333333333333332,35.0,0.0,0.0,0.0,0.0,88.83333333333333,38.0
1780975695.236902,sweep,0,775.6666666666666,260.0,38.333333333333336,0.005,0.005,0.013168535896849012,0.008168535896849013,-216.66666666666666,36.0,0.0,0.0,0.0,0.0,260.0,38.333333333333336,0.055,0.055,0.05412883700821444,-0.0008711629917855582,-26.0,38.0,0.0,0.0,0.0,0.0,136.5,38.0,0.0,0.0,0.0,0.0,15.166666666666666,36.0,0.0,0.0,0.0,0.0,32.5,35.0,0.0,0.0,0.0,0.0,88.83333333333333,38.0
1780975696.047134,sweep,0,652.1666666666667,257.8333333333333,38.333333333333336,0.01,0.01,0.013168535896849012,0.003168535896849012,-73.66666666666667,36.0,0.0,0.0,0.0,0.0,257.8333333333333,38.333333333333336,0.055,0.055,0.054016937514305335,-0.0009830624856946649,-32.5,38.0,0.0,0.0,0.0,0.0,143.0,38.0,0.0,0.0,0.0,0.0,19.5,36.0,0.0,0.0,0.0,0.0,36.833333333333336,35.0,0.0,0.0,0.0,0.0,88.83333333333333,38.0
1780975696.862123,sweep,0,565.5,262.1666666666667,38.333333333333336,0.015,0.015,0.014923323414969101,-7.66765850308982e-05,10.833333333333334,36.666666666666664,0.0,0.0,0.0,0.0,262.1666666666667,38.333333333333336,0.055,0.055,0.054016937514305335,-0.0009830624856946649,-32.5,38.0,0.0,0.0,0.0,0.0,123.5,38.0,0.0,0.0,0.0,0.0,10.833333333333334,36.0,0.0,0.0,0.0,0.0,32.5,35.0,0.0,0.0,0.0,0.0,93.16666666666667,38.0
1780975697.674149,sweep,0,810.3333333333333,257.8333333333333,38.333333333333336,0.02,0.02,0.01931792172121767,-0.0006820782787823297,-238.33333333333334,36.333333333333336,0.0,0.0,0.0,0.0,257.8333333333333,38.333333333333336,0.055,0.055,0.054016937514305335,-0.0009830624856946649,-47.666666666666664,38.0,0.0,0.0,0.0,0.0,138.66666666666666,38.0,0.0,0.0,0.0,0.0,10.833333333333334,36.0,0.0,0.0,0.0,0.0,28.166666666666668,35.0,0.0,0.0,0.0,0.0,88.83333333333333,38.0
1780975698.486646,sweep,0,606.6666666666666,260.0,38.333333333333336,0.025,0.025,0.022837669438722313,-0.002162330561277688,-49.833333333333336,36.666666666666664,0.0,0.0,0.0,0.0,260.0,38.333333333333336,0.055,0.055,0.054016937514305335,-0.0009830624856946649,-28.166666666666668,38.0,0.0,0.0,0.0,0.0,125.66666666666667,38.0,0.0,0.0,0.0,0.0,17.333333333333332,36.0,0.0,0.0,0.0,0.0,39.0,35.0,0.0,0.0,0.0,0.0,86.66666666666667,38.0
1780975699.302756,sweep,0,623.9999999999999,257.8333333333333,38.0,0.03,0.03,0.026647338572264184,-0.0033526614277358154,-69.33333333333333,37.0,0.0,0.0,0.0,0.0,257.8333333333333,38.0,0.055,0.055,0.054016937514305335,-0.0009830624856946649,-30.333333333333332,38.0,0.0,0.0,0.0,0.0,138.66666666666666,38.0,0.0,0.0,0.0,0.0,13.0,36.0,0.0,0.0,0.0,0.0,28.166666666666668,35.0,0.0,0.0,0.0,0.0,86.66666666666667,38.0
1780975700.114042,sweep,0,643.4999999999999,264.3333333333333,38.333333333333336,0.035,0.035,0.029872078533099356,-0.005127921466900647,-78.0,37.0,0.0,0.0,0.0,0.0,264.3333333333333,38.333333333333336,0.055,0.055,0.054016937514305335,-0.0009830624856946649,-32.5,38.0,0.0,0.0,0.0,0.0,134.33333333333334,38.0,0.0,0.0,0.0,0.0,13.0,36.0,0.0,0.0,0.0,0.0,34.666666666666664,35.0,0.0,0.0,0.0,0.0,86.66666666666667,38.0
1780975700.923172,sweep,0,647.8333333333334,262.1666666666667,38.333333333333336,0.04,0.04,0.03309173215330231,-0.006908267846697694,-78.0,37.0,0.0,0.0,0.0,0.0,262.1666666666667,38.333333333333336,0.055,0.055,0.054016937514305335,-0.0009830624856946649,-28.166666666666668,38.0,0.0,0.0,0.0,0.0,134.33333333333334,38.0,0.0,0.0,0.0,0.0,13.0,36.0,0.0,0.0,0.0,0.0,39.0,35.0,0.0,0.0,0.0,0.0,93.16666666666667,38.0
1780975701.738463,sweep,0,641.3333333333333,255.66666666666666,38.0,0.045,0.045,0.03660639353017472,-0.00839360646982528,-78.0,37.0,0.0,0.0,0.0,0.0,255.66666666666666,38.0,0.055,0.055,0.054016937514305335,-0.0009830624856946649,-30.333333333333332,38.0,0.0,0.0,0.0,0.0,140.83333333333334,38.0,0.0,0.0,0.0,0.0,15.166666666666666,36.0,0.0,0.0,0.0,0.0,32.5,35.0,0.0,0.0,0.0,0.0,88.83333333333333,38.0
1780975702.553445,sweep,0,1674.8333333333333,1087.6666666666667,38.333333333333336,0.05,0.05,0.04012105490704712,-0.009878945092952882,-1087.6666666666667,37.0,0.0,0.0,0.0,0.0,257.8333333333333,38.333333333333336,0.055,0.055,0.054016937514305335,-0.0009830624856946649,-67.16666666666667,38.0,0.0,0.0,0.0,0.0,149.5,38.0,0.0,0.0,0.0,0.0,10.833333333333334,36.0,0.0,0.0,0.0,0.0,30.333333333333332,35.0,0.0,0.0,0.0,0.0,71.5,38.0
1780975703.465858,sweep,1,1029.1666666666667,472.3333333333333,38.666666666666664,0.014,0.014,0.02459754329747463,0.010597543297474631,-472.3333333333333,37.0,0.0,0.0,0.0,0.0,260.0,38.666666666666664,0.055,0.055,0.054016937514305335,-0.0009830624856946649,-32.5,38.0,0.0,0.0,0.0,0.0,140.83333333333334,38.0,0.0,0.0,0.0,0.0,6.5,36.0,0.0,0.0,0.0,0.0,30.333333333333332,35.0,0.0,0.0,0.0,0.0,86.66666666666667,38.0
1780975704.268404,sweep,1,1070.3333333333333,463.6666666666667,38.666666666666664,0.014,0.014,0.02459754329747463,0.010597543297474631,-463.6666666666667,37.0,0.005,0.005,0.0,-0.005,292.5,38.666666666666664,0.055,0.055,0.054016937514305335,-0.0009830624856946649,-41.166666666666664,38.0,0.0,0.0,0.0,0.0,147.33333333333334,38.0,0.0,0.0,0.0,0.0,8.666666666666666,36.0,0.0,0.0,0.0,0.0,34.666666666666664,35.0,0.0,0.0,0.0,0.0,82.33333333333333,38.0
1780975705.074317,sweep,1,1063.8333333333333,472.3333333333333,39.0,0.014,0.014,0.02459754329747463,0.010597543297474631,-472.3333333333333,37.0,0.01,0.01,0.0,-0.01,260.0,39.0,0.055,0.055,0.054016937514305335,-0.0009830624856946649,-45.5,38.0,0.0,0.0,0.0,0.0,143.0,38.0,0.0,0.0,0.0,0.0,10.833333333333334,36.0,0.0,0.0,0.0,0.0,36.833333333333336,35.0,0.0,0.0,0.0,0.0,95.33333333333333,38.0
1780975705.888026,sweep,1,1529.6666666666667,751.8333333333334,38.333333333333336,0.014,0.014,0.02459754329747463,0.010597543297474631,-459.3333333333333,37.0,0.015,0.015,0.0,-0.015,751.8333333333334,38.333333333333336,0.055,0.055,0.054016937514305335,-0.0009830624856946649,-34.666666666666664,38.0,0.0,0.0,0.0,0.0,136.5,38.0,0.0,0.0,0.0,0.0,17.333333333333332,36.0,0.0,0.0,0.0,0.0,39.0,35.0,0.0,0.0,0.0,0.0,91.0,38.0
1780975706.7041202,sweep,1,1081.1666666666665,461.5,39.0,0.014,0.014,0.02459754329747463,0.010597543297474631,-461.5,37.0,0.02,0.02,0.0,-0.02,290.3333333333333,39.0,0.055,0.055,0.054016937514305335,-0.0009830624856946649,-47.666666666666664,38.0,0.0,0.0,0.0,0.0,138.66666666666666,38.0,0.0,0.0,0.0,0.0,13.0,36.0,0.0,0.0,0.0,0.0,34.666666666666664,35.0,0.0,0.0,0.0,0.0,95.33333333333333,38.0
1780975707.519795,sweep,1,988.0,459.3333333333333,39.0,0.014,0.014,0.02459754329747463,0.010597543297474631,-459.3333333333333,37.0,0.025,0.025,0.0,-0.025,210.16666666666666,39.0,0.055,0.055,0.054016937514305335,-0.0009830624856946649,-49.833333333333336,38.0,0.0,0.0,0.0,0.0,136.5,38.0,0.0,0.0,0.0,0.0,13.0,36.0,0.0,0.0,0.0,0.0,26.0,35.0,0.0,0.0,0.0,0.0,93.16666666666667,38.0
1780975708.336514,sweep,1,1570.8333333333333,812.5,39.0,0.014,0.014,0.02459754329747463,0.010597543297474631,-459.3333333333333,37.0,0.03,0.03,0.003936827649347677,-0.026063172350652322,812.5,39.0,0.055,0.055,0.054016937514305335,-0.0009830624856946649,-28.166666666666668,38.0,0.0,0.0,0.0,0.0,134.33333333333334,38.0,0.0,0.0,0.0,0.0,15.166666666666666,36.0,0.0,0.0,0.0,0.0,39.0,35.0,0.0,0.0,0.0,0.0,82.33333333333333,38.0
1780975709.15044,sweep,1,1625.0,866.6666666666666,39.0,0.014,0.014,0.02459754329747463,0.010597543297474631,-468.0,37.0,0.035,0.035,0.006754660359604283,-0.02824533964039572,866.6666666666666,39.0,0.055,0.055,0.054016937514305335,-0.0009830624856946649,-32.5,38.0,0.0,0.0,0.0,0.0,125.66666666666667,38.0,0.0,0.0,0.0,0.0,-2.1666666666666665,36.0,0.0,0.0,0.0,0.0,39.0,35.0,0.0,0.0,0.0,0.0,91.0,38.0
1780975710.063382,sweep,2,966.3333333333334,342.3333333333333,39.0,0.014,0.014,0.021957732509346146,0.007957732509346145,-342.3333333333333,37.0,0.0,0.0,0.0,0.0,177.66666666666666,39.0,0.019999999999999997,0.019999999999999997,0.04137738104320846,0.021377381043208465,-177.66666666666666,38.0,0.0,0.0,0.0,0.0,138.66666666666666,38.0,0.0,0.0,0.0,0.0,17.333333333333332,36.0,0.0,0.0,0.0,0.0,23.833333333333332,35.0,0.0,0.0,0.0,0.0,88.83333333333333,38.0
1780975710.87294,sweep,2,894.8333333333334,338.0,39.0,0.014,0.014,0.021957732509346146,0.007957732509346145,-338.0,37.0,0.0,0.0,0.0,0.0,179.83333333333334,39.0,0.024999999999999998,0.024999999999999998,0.03422089977365784,0.00922089977365784,-104.0,38.0,0.0,0.0,0.0,0.0,138.66666666666666,38.0,0.0,0.0,0.0,0.0,19.5,36.0,0.0,0.0,0.0,0.0,26.0,35.0,0.0,0.0,0.0,0.0,88.83333333333333,38.0
1780975711.68846,sweep,2,942.5000000000001,340.1666666666667,39.0,0.014,0.014,0.021957732509346146,0.007957732509346145,-340.1666666666667,37.0,0.0,0.0,0.0,0.0,173.33333333333334,39.0,0.03,0.03,0.04462246636657257,0.014622466366572572,-151.66666666666666,38.0,0.0,0.0,0.0,0.0,140.83333333333334,38.0,0.0,0.0,0.0,0.0,10.833333333333334,36.0,0.0,0.0,0.0,0.0,36.833333333333336,35.0,0.0,0.0,0.0,0.0,88.83333333333333,38.0
1780975712.504363,sweep,2,899.1666666666666,340.1666666666667,39.0,0.014,0.014,0.021957732509346146,0.007957732509346145,-340.1666666666667,37.0,0.0,0.0,0.0,0.0,177.66666666666666,39.0,0.034999999999999996,0.034999999999999996,0.040711070420386054,0.005711070420386058,-91.0,38.0,0.0,0.0,0.0,0.0,143.0,38.0,0.0,0.0,0.0,0.0,15.166666666666666,36.0,0.0,0.0,0.0,0.0,39.0,35.0,0.0,0.0,0.0,0.0,93.16666666666667,38.0
1780975713.321655,sweep,2,940.3333333333335,340.1666666666667,39.0,0.014,0.014,0.021957732509346146,0.007957732509346145,-340.1666666666667,37.0,0.0,0.0,0.0,0.0,175.5,39.0,0.039999999999999994,0.039999999999999994,0.0471910683858498,0.007191068385849805,-121.33333333333333,38.0,0.0,0.0,0.0,0.0,151.66666666666666,38.0,0.0,0.0,0.0,0.0,17.333333333333332,36.0,0.0,0.0,0.0,0.0,39.0,35.0,0.0,0.0,0.0,0.0,95.33333333333333,38.0
1780975714.133931,sweep,2,871.0,338.0,39.0,0.014,0.014,0.021957732509346146,0.007957732509346145,-338.0,37.0,0.0,0.0,0.0,0.0,171.16666666666666,39.0,0.045,0.045,0.04707916889194069,0.002079168891940694,-97.5,38.0,0.0,0.0,0.0,0.0,134.33333333333334,38.0,0.0,0.0,0.0,0.0,15.166666666666666,36.0,0.0,0.0,0.0,0.0,26.0,35.0,0.0,0.0,0.0,0.0,88.83333333333333,38.0
1780975714.944073,sweep,2,1046.4999999999998,342.3333333333333,39.0,0.014,0.014,0.021957732509346146,0.007957732509346145,-342.3333333333333,37.0,0.0,0.0,0.0,0.0,182.0,39.0,0.049999999999999996,0.049999999999999996,0.05166704814221409,0.001667048142214092,-236.16666666666666,38.0,0.0,0.0,0.0,0.0,145.16666666666666,38.0,0.0,0.0,0.0,0.0,15.166666666666666,36.0,0.0,0.0,0.0,0.0,32.5,35.0,0.0,0.0,0.0,0.0,93.16666666666667,38.0
1780975715.760215,sweep,2,1037.8333333333333,344.5,39.0,0.014,0.014,0.021957732509346146,0.007957732509346145,-344.5,37.666666666666664,0.0,0.0,0.0,0.0,173.33333333333334,39.0,0.055,0.055,0.05200274662394141,-0.0029972533760585923,-242.66666666666666,38.0,0.0,0.0,0.0,0.0,143.0,38.0,0.0,0.0,0.0,0.0,8.666666666666666,36.0,0.0,0.0,0.0,0.0,30.333333333333332,35.0,0.0,0.0,0.0,0.0,95.33333333333333,38.0
1780975716.57327,sweep,2,799.5,335.8333333333333,39.0,0.014,0.014,0.021957732509346146,0.007957732509346145,-335.8333333333333,37.333333333333336,0.0,0.0,0.0,0.0,171.16666666666666,39.0,0.06,0.06,0.054352635996032655,-0.005647364003967342,-21.666666666666668,38.0,0.0,0.0,0.0,0.0,136.5,38.0,0.0,0.0,0.0,0.0,15.166666666666666,36.0,0.0,0.0,0.0,0.0,30.333333333333332,35.0,0.0,0.0,0.0,0.0,88.83333333333333,38.0
1780975717.388324,sweep,2,1022.6666666666665,342.3333333333333,39.0,0.014,0.014,0.021957732509346146,0.007957732509346145,-342.3333333333333,38.0,0.0,0.0,0.0,0.0,175.5,39.0,0.065,0.065,0.05894051524630605,-0.006059484753693951,-221.0,38.0,0.0,0.0,0.0,0.0,140.83333333333334,38.0,0.0,0.0,0.0,0.0,8.666666666666666,36.0,0.0,0.0,0.0,0.0,41.166666666666664,35.0,0.0,0.0,0.0,0.0,93.16666666666667,38.0
1780975718.192079,sweep,2,1022.6666666666667,340.1666666666667,39.0,0.014,0.014,0.021957732509346146,0.007957732509346145,-340.1666666666667,38.0,0.0,0.0,0.0,0.0,182.0,39.0,0.07,0.07,0.06218560056967015,-0.007814399430329855,-216.66666666666666,38.0,0.0,0.0,0.0,0.0,145.16666666666666,38.0,0.0,0.0,0.0,0.0,19.5,36.0,0.0,0.0,0.0,0.0,30.333333333333332,35.0,0.0,0.0,0.0,0.0,88.83333333333333,38.0
1780975719.000406,sweep,2,795.1666666666667,346.6666666666667,39.0,0.014,0.014,0.021957732509346146,0.007957732509346145,-346.6666666666667,38.0,0.0,0.0,0.0,0.0,171.16666666666666,39.0,0.075,0.075,0.05480023397166908,-0.020199766028330915,0.0,38.666666666666664,0.0,0.0,0.0,0.0,136.5,38.0,0.0,0.0,0.0,0.0,17.333333333333332,36.0,0.0,0.0,0.0,0.0,28.166666666666668,35.0,0.0,0.0,0.0,0.0,95.33333333333333,38.0
1780975719.8107882,sweep,2,998.8333333333335,338.0,39.0,0.014,0.014,0.021957732509346146,0.007957732509346145,-338.0,38.0,0.0,0.0,0.0,0.0,169.0,39.0,0.07999999999999999,0.07999999999999999,0.06867577121639835,-0.011324228783601634,-212.33333333333334,38.333333333333336,0.0,0.0,0.0,0.0,140.83333333333334,38.0,0.0,0.0,0.0,0.0,13.0,36.0,0.0,0.0,0.0,0.0,36.833333333333336,35.0,0.0,0.0,0.0,0.0,88.83333333333333,38.0
1780975720.623426,sweep,2,953.3333333333334,338.0,39.0,0.014,0.014,0.021957732509346146,0.007957732509346145,-338.0,38.0,0.0,0.0,0.0,0.0,171.16666666666666,39.0,0.08499999999999999,0.08499999999999999,0.07191577019913024,-0.013084229800869748,-162.5,39.0,0.0,0.0,0.0,0.0,140.83333333333334,38.0,0.0,0.0,0.0,0.0,10.833333333333334,36.0,0.0,0.0,0.0,0.0,34.666666666666664,35.0,0.0,0.0,0.0,0.0,95.33333333333333,38.0
1780975721.435838,sweep,2,966.3333333333333,340.1666666666667,39.0,0.014,0.014,0.021957732509346146,0.007957732509346145,-340.1666666666667,38.0,0.0,0.0,0.0,0.0,173.33333333333334,39.0,0.09,0.09,0.07493197019404389,-0.015068029805956104,-184.16666666666666,38.333333333333336,0.0,0.0,0.0,0.0,136.5,38.0,0.0,0.0,0.0,0.0,13.0,36.0,0.0,0.0,0.0,0.0,32.5,35.0,0.0,0.0,0.0,0.0,86.66666666666667,38.0
1780975722.3498938,sweep,3,838.5,346.6666666666667,39.0,0.014,0.014,0.021957732509346146,0.007957732509346145,-346.6666666666667,38.0,0.0,0.0,0.0,0.0,173.33333333333334,39.0,0.055,0.055,0.05412883700821444,-0.0008711629917855582,-32.5,39.0,0.0,0.0,0.0,0.0,147.33333333333334,38.0,0.0,0.0,0.0,0.0,15.166666666666666,36.0,0.0,0.0,0.0,0.0,28.166666666666668,35.0,0.0,0.0,0.0,0.0,95.33333333333333,38.0
1780975723.163978,sweep,3,927.3333333333335,346.6666666666667,39.0,0.014,0.014,0.021957732509346146,0.007957732509346145,-346.6666666666667,38.0,0.0,0.0,0.0,0.0,175.5,39.0,0.055,0.055,0.054016937514305335,-0.0009830624856946649,-28.166666666666668,39.0,0.005,0.005,0.0013122758831158922,-0.003687724116884108,231.83333333333334,38.0,0.0,0.0,0.0,0.0,19.5,36.0,0.0,0.0,0.0,0.0,36.833333333333336,35.0,0.0,0.0,0.0,0.0,88.83333333333333,38.0
1780975723.9718668,sweep,3,890.4999999999999,342.3333333333333,39.0,0.014,0.014,0.021957732509346146,0.007957732509346145,-342.3333333333333,38.0,0.0,0.0,0.0,0.0,179.83333333333334,39.0,0.055,0.055,0.054016937514305335,-0.0009830624856946649,-32.5,39.0,0.01,0.01,0.0045675338877444625,-0.005432466112255538,203.66666666666666,38.0,0.0,0.0,0.0,0.0,8.666666666666666,36.0,0.0,0.0,0.0,0.0,32.5,35.0,0.0,0.0,0.0,0.0,91.0,38.0
1780975724.780747,sweep,3,907.8333333333334,340.1666666666667,39.0,0.014,0.014,0.021957732509346146,0.007957732509346145,-340.1666666666667,38.0,0.0,0.0,0.0,0.0,171.16666666666666,39.0,0.055,0.055,0.054016937514305335,-0.0009830624856946649,-30.333333333333332,39.0,0.015,0.015,0.007822791892373032,-0.007177208107626967,208.0,38.0,0.0,0.0,0.0,0.0,21.666666666666668,36.0,0.0,0.0,0.0,0.0,39.0,35.0,0.0,0.0,0.0,0.0,97.5,38.0
1780975725.589876,sweep,3,836.3333333333333,342.3333333333333,39.0,0.014,0.014,0.021957732509346146,0.007957732509346145,-342.3333333333333,38.0,0.0,0.0,0.0,0.0,171.16666666666666,39.0,0.055,0.055,0.054016937514305335,-0.0009830624856946649,-28.166666666666668,38.333333333333336,0.02,0.02,0.011078049897001603,-0.008921950102998398,156.0,38.0,0.0,0.0,0.0,0.0,15.166666666666666,36.0,0.0,0.0,0.0,0.0,34.666666666666664,35.0,0.0,0.0,0.0,0.0,88.83333333333333,38.0
1780975726.405469,sweep,3,838.5,338.0,39.0,0.014,0.014,0.021957732509346146,0.007957732509346145,-338.0,38.0,0.0,0.0,0.0,0.0,173.33333333333334,39.0,0.055,0.055,0.054016937514305335,-0.0009830624856946649,-45.5,39.0,0.025,0.025,0.0022329035375499096,-0.022767096462450093,149.5,38.0,0.0,0.0,0.0,0.0,10.833333333333334,36.0,0.0,0.0,0.0,0.0,28.166666666666668,35.0,0.0,0.0,0.0,0.0,93.16666666666667,38.0
1780975727.21185,sweep,3,860.1666666666667,340.1666666666667,39.0,0.014,0.014,0.021957732509346146,0.007957732509346145,-340.1666666666667,38.0,0.0,0.0,0.0,0.0,175.5,39.0,0.055,0.055,0.054016937514305335,-0.0009830624856946649,-32.5,39.0,0.03,0.03,0.017486839093614096,-0.012513160906385903,164.66666666666666,38.0,0.0,0.0,0.0,0.0,17.333333333333332,36.0,0.0,0.0,0.0,0.0,32.5,35.0,0.0,0.0,0.0,0.0,97.5,38.0
1780975728.025795,sweep,3,873.1666666666667,342.3333333333333,39.0,0.014,0.014,0.021957732509346146,0.007957732509346145,-342.3333333333333,38.0,0.0,0.0,0.0,0.0,169.0,39.0,0.055,0.055,0.054016937514305335,-0.0009830624856946649,-28.166666666666668,38.666666666666664,0.035,0.035,0.02043691666030874,-0.014563083339691262,201.5,38.0,0.0,0.0,0.0,0.0,10.833333333333334,36.0,0.0,0.0,0.0,0.0,32.5,35.0,0.0,0.0,0.0,0.0,88.83333333333333,38.0
1780975728.935082,sweep,4,758.3333333333334,346.6666666666667,39.0,0.014,0.014,0.021957732509346146,0.007957732509346145,-346.6666666666667,38.0,0.0,0.0,0.0,0.0,171.16666666666666,39.0,0.055,0.055,0.054016937514305335,-0.0009830624856946649,-28.166666666666668,39.0,0.0,0.0,0.0,0.0,75.83333333333333,38.0,0.0,0.0,0.0,0.0,15.166666666666666,36.0,0.0,0.0,0.0,0.0,32.5,35.0,0.0,0.0,0.0,0.0,88.83333333333333,38.0
1780975729.741452,sweep,4,823.3333333333334,346.6666666666667,39.0,0.014,0.014,0.021957732509346146,0.007957732509346145,-346.6666666666667,38.0,0.0,0.0,0.0,0.0,177.66666666666666,39.0,0.055,0.055,0.054016937514305335,-0.0009830624856946649,-34.666666666666664,38.333333333333336,0.0,0.0,0.0,0.0,75.83333333333333,38.0,0.005,0.005,0.0025279112942193736,-0.0024720887057806265,65.0,36.0,0.0,0.0,0.0,0.0,32.5,35.0,0.0,0.0,0.0,0.0,91.0,38.0
1780975730.555091,sweep,4,849.3333333333334,340.1666666666667,39.0,0.014,0.014,0.021957732509346146,0.007957732509346145,-340.1666666666667,38.0,0.0,0.0,0.0,0.0,177.66666666666666,39.0,0.055,0.055,0.054016937514305335,-0.0009830624856946649,-39.0,39.0,0.0,0.0,0.0,0.0,65.0,38.0,0.01,0.01,0.003443452608021159,-0.006556547391978841,97.5,36.0,0.0,0.0,0.0,0.0,39.0,35.0,0.0,0.0,0.0,0.0,91.0,38.0
1780975731.365751,sweep,4,881.8333333333333,344.5,39.0,0.014,0.014,0.021957732509346146,0.007957732509346145,-344.5,38.0,0.0,0.0,0.0,0.0,179.83333333333334,39.0,0.055,0.055,0.054016937514305335,-0.0009830624856946649,-30.333333333333332,38.666666666666664,0.0,0.0,0.0,0.0,80.16666666666667,38.0,0.015,0.015,0.008631520052897943,-0.006368479947102056,119.16666666666667,36.666666666666664,0.0,0.0,0.0,0.0,34.666666666666664,35.0,0.0,0.0,0.0,0.0,93.16666666666667,38.0
1780975732.1774762,sweep,4,836.3333333333334,344.5,39.0,0.014,0.014,0.021957732509346146,0.007957732509346145,-344.5,38.0,0.0,0.0,0.0,0.0,177.66666666666666,39.0,0.055,0.055,0.054016937514305335,-0.0009830624856946649,-47.666666666666664,38.333333333333336,0.0,0.0,0.0,0.0,75.83333333333333,38.0,0.02,0.02,0.0021210040436408025,-0.0178789959563592,69.33333333333333,37.0,0.0,0.0,0.0,0.0,30.333333333333332,35.0,0.0,0.0,0.0,0.0,91.0,38.0
1780975732.991755,sweep,4,886.1666666666666,346.6666666666667,39.0,0.014,0.014,0.021957732509346146,0.007957732509346145,-346.6666666666667,38.0,0.0,0.0,0.0,0.0,175.5,39.0,0.055,0.055,0.054016937514305335,-0.0009830624856946649,-34.666666666666664,39.0,0.0,0.0,0.0,0.0,73.66666666666667,38.0,0.025,0.025,0.01473512881157651,-0.010264871188423492,125.66666666666667,37.0,0.0,0.0,0.0,0.0,39.0,35.0,0.0,0.0,0.0,0.0,91.0,38.0
1780975733.797482,sweep,4,814.6666666666666,335.8333333333333,39.0,0.014,0.014,0.021957732509346146,0.007957732509346145,-335.8333333333333,38.0,0.0,0.0,0.0,0.0,171.16666666666666,39.0,0.055,0.055,0.054016937514305335,-0.0009830624856946649,-39.0,38.666666666666664,0.0,0.0,0.0,0.0,73.66666666666667,38.0,0.03,0.03,0.009750514991989014,-0.020249485008010985,65.0,37.0,0.0,0.0,0.0,0.0,41.166666666666664,35.0,0.0,0.0,0.0,0.0,88.83333333333333,38.0
1780975734.60558,sweep,4,890.4999999999999,335.8333333333333,39.0,0.014,0.014,0.021957732509346146,0.007957732509346145,-335.8333333333333,38.0,0.0,0.0,0.0,0.0,179.83333333333334,39.0,0.055,0.055,0.054016937514305335,-0.0009830624856946649,-34.666666666666664,38.666666666666664,0.0,0.0,0.0,0.0,80.16666666666667,38.0,0.035,0.035,0.02134737163347829,-0.013652628366521712,136.5,37.0,0.0,0.0,0.0,0.0,32.5,35.0,0.0,0.0,0.0,0.0,91.0,38.0
1780975735.5255601,sweep,5,749.6666666666666,342.3333333333333,39.0,0.014,0.014,0.021957732509346146,0.007957732509346145,-342.3333333333333,38.0,0.0,0.0,0.0,0.0,179.83333333333334,39.0,0.055,0.055,0.054016937514305335,-0.0009830624856946649,-30.333333333333332,38.333333333333336,0.0,0.0,0.0,0.0,71.5,38.0,0.0,0.0,0.000289921416037232,0.000289921416037232,2.1666666666666665,37.0,0.0,0.0,0.0,0.0,32.5,35.0,0.0,0.0,0.0,0.0,91.0,38.0
1780975736.339019,sweep,5,803.8333333333333,344.5,39.0,0.014,0.014,0.021957732509346146,0.007957732509346145,-344.5,38.0,0.0,0.0,0.0,0.0,173.33333333333334,39.0,0.055,0.055,0.054016937514305335,-0.0009830624856946649,-30.333333333333332,38.666666666666664,0.0,0.0,0.0,0.0,73.66666666666667,38.0,0.0,0.0,0.000289921416037232,0.000289921416037232,-2.1666666666666665,37.0,0.005,0.005,0.0028381780727855343,-0.0021618219272144658,93.16666666666667,35.0,0.0,0.0,0.0,0.0,86.66666666666667,38.0
1780975737.149817,sweep,5,847.1666666666666,344.5,39.0,0.014,0.014,0.021957732509346146,0.007957732509346145,-344.5,38.0,0.0,0.0,0.0,0.0,177.66666666666666,39.0,0.055,0.055,0.054016937514305335,-0.0009830624856946649,-28.166666666666668,38.0,0.0,0.0,0.0,0.0,71.5,38.0,0.0,0.0,0.000289921416037232,0.000289921416037232,-4.333333333333333,37.0,0.01,0.01,0.006698710612649729,-0.0033012893873502714,130.0,35.0,0.0,0.0,0.0,0.0,91.0,38.0
1780975737.961824,sweep,5,808.1666666666666,342.3333333333333,39.0,0.014,0.014,0.021957732509346146,0.007957732509346145,-342.3333333333333,38.0,0.0,0.0,0.0,0.0,173.33333333333334,39.0,0.055,0.055,0.054016937514305335,-0.0009830624856946649,-34.666666666666664,38.333333333333336,0.0,0.0,0.0,0.0,78.0,38.0,0.0,0.0,0.000289921416037232,0.000289921416037232,0.0,37.0,0.015,0.015,0.00914524045675339,-0.00585475954324661,97.5,35.0,0.0,0.0,0.0,0.0,82.33333333333333,38.0
1780975738.769551,sweep,5,860.1666666666667,344.5,39.0,0.014,0.014,0.021957732509346146,0.007957732509346145,-344.5,38.0,0.0,0.0,0.0,0.0,175.5,39.0,0.055,0.055,0.054016937514305335,-0.0009830624856946649,-30.333333333333332,38.666666666666664,0.0,0.0,0.0,0.0,73.66666666666667,38.0,0.0,0.0,0.000289921416037232,0.000289921416037232,-6.5,37.0,0.02,0.02,0.011993591210803387,-0.008006408789196614,140.83333333333334,35.333333333333336,0.0,0.0,0.0,0.0,88.83333333333333,38.0
1780975739.583188,sweep,5,782.1666666666666,342.3333333333333,39.0,0.014,0.014,0.021957732509346146,0.007957732509346145,-342.3333333333333,38.0,0.0,0.0,0.0,0.0,171.16666666666666,39.0,0.055,0.055,0.054016937514305335,-0.0009830624856946649,-32.5,38.0,0.0,0.0,0.0,0.0,73.66666666666667,38.0,0.0,0.0,0.000289921416037232,0.000289921416037232,-10.833333333333334,37.0,0.025,0.025,0.013519493400473028,-0.011480506599526973,65.0,35.666666666666664,0.0,0.0,0.0,0.0,86.66666666666667,38.0
1780975740.395574,sweep,5,903.5,342.3333333333333,39.0,0.014,0.014,0.021957732509346146,0.007957732509346145,-342.3333333333333,38.0,0.0,0.0,0.0,0.0,177.66666666666666,39.0,0.055,0.055,0.054016937514305335,-0.0009830624856946649,-26.0,38.0,0.0,0.0,0.0,0.0,78.0,38.0,0.0,0.0,0.000289921416037232,0.000289921416037232,-2.1666666666666665,37.0,0.03,0.03,0.018097199969481958,-0.011902800030518041,182.0,36.0,0.0,0.0,0.0,0.0,95.33333333333333,38.333333333333336
1780975741.2116659,sweep,5,903.5,340.1666666666667,39.0,0.014,0.014,0.021957732509346146,0.007957732509346145,-340.1666666666667,38.0,0.0,0.0,0.0,0.0,177.66666666666666,39.0,0.055,0.055,0.054016937514305335,-0.0009830624856946649,-36.833333333333336,38.333333333333336,0.0,0.0,0.0,0.0,73.66666666666667,38.0,0.0,0.0,0.000289921416037232,0.000289921416037232,-4.333333333333333,37.0,0.035,0.035,0.014638488339564099,-0.020361511660435906,184.16666666666666,36.0,0.0,0.0,0.0,0.0,86.66666666666667,38.0
1780975742.127532,sweep,6,736.6666666666665,342.3333333333333,39.0,0.014,0.014,0.021957732509346146,0.007957732509346145,-342.3333333333333,38.0,0.0,0.0,0.0,0.0,173.33333333333334,39.0,0.055,0.055,0.054016937514305335,-0.0009830624856946649,-32.5,38.666666666666664,0.0,0.0,0.0,0.0,67.16666666666667,38.0,0.0,0.0,0.000289921416037232,0.000289921416037232,-2.1666666666666665,37.0,0.0,0.0,0.0,0.0,34.666666666666664,36.0,0.0,0.0,0.0,0.0,84.5,38.0
1780975742.9366012,sweep,6,894.8333333333334,346.6666666666667,39.0,0.014,0.014,0.021957732509346146,0.007957732509346145,-346.6666666666667,38.0,0.0,0.0,0.0,0.0,177.66666666666666,39.0,0.055,0.055,0.054016937514305335,-0.0009830624856946649,-32.5,38.333333333333336,0.0,0.0,0.0,0.0,78.0,38.0,0.0,0.0,0.000289921416037232,0.000289921416037232,-2.1666666666666665,37.0,0.0,0.0,0.0,0.0,30.333333333333332,36.0,0.005,0.005,0.001414002695760535,-0.003585997304239465,227.5,38.0
1780975743.750966,sweep,6,730.1666666666666,344.5,39.0,0.014,0.014,0.021957732509346146,0.007957732509346145,-344.5,38.0,0.0,0.0,0.0,0.0,171.16666666666666,39.0,0.055,0.055,0.054016937514305335,-0.0009830624856946649,-41.166666666666664,38.0,0.0,0.0,0.0,0.0,78.0,38.0,0.0,0.0,0.000289921416037232,0.000289921416037232,-8.666666666666666,37.0,0.0,0.0,0.0,0.0,30.333333333333332,36.0,0.01,0.01,0.0,-0.01,56.333333333333336,38.333333333333336
1780975744.5629492,sweep,6,970.6666666666666,342.3333333333333,39.0,0.014,0.014,0.021957732509346146,0.007957732509346145,-342.3333333333333,38.0,0.0,0.0,0.0,0.0,175.5,39.0,0.055,0.055,0.054016937514305335,-0.0009830624856946649,-23.833333333333332,38.0,0.0,0.0,0.0,0.0,78.0,38.0,0.0,0.0,0.000289921416037232,0.000289921416037232,-8.666666666666666,37.0,0.0,0.0,0.0,0.0,43.333333333333336,36.0,0.015,0.015,0.012191958495460441,-0.0028080415045395584,299.0,38.0
1780975745.379595,sweep,6,686.8333333333334,344.5,39.0,0.014,0.014,0.021957732509346146,0.007957732509346145,-344.5,38.0,0.0,0.0,0.0,0.0,169.0,39.0,0.055,0.055,0.054016937514305335,-0.0009830624856946649,-30.333333333333332,38.666666666666664,0.0,0.0,0.0,0.0,84.5,38.0,0.0,0.0,0.000289921416037232,0.000289921416037232,-6.5,37.0,0.0,0.0,0.0,0.0,39.0,36.0,0.02,0.02,0.01656621143918008,-0.003433788560819922,-13.0,38.0
1780975746.1872032,sweep,6,803.8333333333333,340.1666666666667,39.0,0.014,0.014,0.021957732509346146,0.007957732509346145,-340.1666666666667,38.0,0.0,0.0,0.0,0.0,171.16666666666666,39.0,0.055,0.055,0.054016937514305335,-0.0009830624856946649,-36.833333333333336,38.666666666666664,0.0,0.0,0.0,0.0,73.66666666666667,38.0,0.0,0.0,0.000289921416037232,0.000289921416037232,2.1666666666666665,37.0,0.0,0.0,0.0,0.0,41.166666666666664,36.0,0.025,0.025,0.02053355713232115,-0.00446644286767885,138.66666666666666,38.0
1780975747.002804,sweep,6,803.8333333333334,335.8333333333333,39.0,0.014,0.014,0.021957732509346146,0.007957732509346145,-335.8333333333333,38.0,0.0,0.0,0.0,0.0,164.66666666666666,39.0,0.055,0.055,0.054016937514305335,-0.0009830624856946649,-39.0,38.333333333333336,0.0,0.0,0.0,0.0,78.0,38.0,0.0,0.0,0.000289921416037232,0.000289921416037232,4.333333333333333,37.0,0.0,0.0,0.0,0.0,41.166666666666664,36.0,0.03,0.03,0.02490781007604079,-0.005092189923959208,140.83333333333334,39.0
1780975747.8171892,sweep,6,881.8333333333333,338.0,39.0,0.014,0.014,0.021957732509346146,0.007957732509346145,-338.0,38.0,0.0,0.0,0.0,0.0,177.66666666666666,39.0,0.055,0.055,0.054016937514305335,-0.0009830624856946649,-28.166666666666668,38.333333333333336,0.0,0.0,0.0,0.0,69.33333333333333,38.0,0.0,0.0,0.000289921416037232,0.000289921416037232,-8.666666666666666,37.0,0.0,0.0,0.0,0.0,43.333333333333336,36.0,0.035,0.035,0.02734925357951222,-0.007650746420487783,216.66666666666666,39.0
