timestamp,elapsed_s,pose_index,source_step,event,note,target_0_thumb_abd,pos_0_thumb_abd,curr_ma_0_thumb_abd,temp_c_0_thumb_abd,target_1_thumb_flex,pos_1_thumb_flex,curr_ma_1_thumb_flex,temp_c_1_thumb_flex,target_2_thumb_tendon,pos_2_thumb_tendon,curr_ma_2_thumb_tendon,temp_c_2_thumb_tendon,target_3_index,pos_3_index,curr_ma_3_index,temp_c_3_index,target_4_middle,pos_4_middle,curr_ma_4_middle,temp_c_4_middle,target_5_ring,pos_5_ring,curr_ma_5_ring,temp_c_5_ring,target_6_pinky,pos_6_pinky,curr_ma_6_pinky,temp_c_6_pinky
2026-07-13T10:17:51.969,1.6495975419966271,-1,-1,rest,,0.014053559166857405,0.014053559166857405,0.0,38.0,0.0,0.0,162.5,39.0,0.00032043945983062307,0.0,32.5,38.0,0.0,0.0,39.0,38.0,0.000289921416037232,0.0,45.5,38.0,0.0,0.0,84.5,39.0,0.0,0.0,45.5,38.0
2026-07-13T10:17:52.076,1.757496792000893,0,72,move_ramp,,0.029053559166857403,0.027237354085603113,45.5,38.0,0.015,0.0008392462043183033,546.0,39.0,0.015320439459830623,0.015091172655832763,162.5,38.0,0.015,0.010971236743724726,383.5,38.0,0.015289921416037232,0.010971236743724726,500.5,38.0,0.015,0.011276417181658656,487.5,39.0,0.015,0.013107499809262227,188.5,38.0
2026-07-13T10:17:52.184,1.8649969999969471,0,72,move_ramp,,0.0440535591668574,0.04217593652246891,84.5,38.0,0.03,0.014358739604791334,643.5,39.0,0.030320439459830623,0.028854810406652935,-97.5,38.0,0.03,0.025314717326619364,513.5,38.0,0.03028992141603723,0.02561989776455329,552.5,38.0,0.03,0.02561989776455329,539.5,39.0,0.03,0.02775616083009079,240.5,38.0
2026-07-13T10:17:52.291,1.971812999996473,0,72,move_ramp,,0.0590535591668574,0.0579842832074464,65.0,38.0,0.045,0.030426489662012664,533.0,39.0,0.04532043945983062,0.04327458609903105,-188.5,38.0,0.045,0.039963378347447925,513.5,38.0,0.04528992141603723,0.04025329976348516,637.0,38.0,0.045,0.04055848020141909,578.5,39.0,0.045,0.04269474326695659,234.0,38.0
2026-07-13T10:17:52.398,2.079503125001793,0,72,move_ramp,,0.07405355916685741,0.0720531013962005,58.5,38.0,0.06,0.04310673685816739,676.0,39.0,0.06032043945983062,0.05770962081330587,-240.5,38.0,0.06,0.0545967803463798,565.5,38.0,0.06028992141603723,0.054901960784313725,630.5,38.0,0.06,0.054901960784313725,669.5,39.0,0.06,0.05703822384985122,279.5,38.0
2026-07-13T10:17:52.506,2.187539958002162,0,72,move_ramp,,0.08905355916685741,0.08786144808117799,39.0,38.0,0.075,0.058319981689173725,630.5,39.0,0.07532043945983062,0.07180895704585336,-286.0,38.0,0.075,0.06924544136720837,630.5,38.0,0.07528992141603723,0.06985580224307622,611.0,38.0,0.075,0.07016098268101015,630.5,39.0,0.075,0.07168688487067978,318.5,38.0
2026-07-13T10:17:52.614,2.295453124999767,0,72,move_ramp,,0.1040535591668574,0.10455481803616389,-13.0,38.0,0.09,0.07353322652018006,806.0,39.0,0.09032043945983062,0.08690012970168612,-292.5,38.0,0.09,0.08418402380407417,630.5,38.0,0.09028992141603723,0.08479438467994202,611.0,38.0,0.09,0.08479438467994202,702.0,39.0,0.09,0.08632028686961166,442.0,38.0
2026-07-13T10:17:52.719,2.3998346669977764,0,72,move_ramp,,0.1190535591668574,0.11862363622491796,0.0,38.0,0.105,0.08705271992065308,780.0,39.0,0.10532043945983062,0.10133516441596094,-364.0,38.0,0.105,0.09883268482490272,682.5,38.0,0.10528992141603723,0.09944304570077057,708.5,38.0,0.105,0.10005340657663844,676.0,39.0,0.105,0.10096894789044022,305.5,38.0
2026-07-13T10:17:52.822,2.5029097919978085,0,72,move_ramp,,0.1340535591668574,0.13356221866178378,-6.5,38.0,0.12,0.10142671854734112,767.0,39.0,0.12032043945983062,0.1164415960936904,-390.0,38.0,0.12,0.11409170672159916,663.0,38.0,0.12028992141603723,0.11439688715953307,754.0,38.0,0.12,0.11500724803540091,630.5,39.0,0.12,0.11592278934920272,429.0,38.0
2026-07-13T10:17:52.928,2.609554458002094,0,72,move_ramp,,0.14905355916685742,0.14850080109864958,0.0,38.0,0.135,0.11663996337834745,760.5,39.0,0.13532043945983063,0.13153276874952316,-370.5,38.0,0.135,0.128725108720531,624.0,38.0,0.13528992141603724,0.12933546959639888,721.5,38.0,0.135,0.12933546959639888,708.5,39.0,0.135,0.13116655222400245,338.0,39.0
2026-07-13T10:17:53.034,2.715152541997668,0,72,move_ramp,,0.16405355916685743,0.16255436026550696,26.0,38.0,0.14420161426067352,0.12509346150911727,838.5,39.0,0.15032043945983065,0.1463035019455253,-344.5,38.0,0.15000000000000002,0.1436789501792935,708.5,38.0,0.15028992141603725,0.14398413061722742,695.5,38.0,0.15000000000000002,0.14398413061722742,806.0,39.0,0.15000000000000002,0.14520485236896316,572.0,38.0
2026-07-13T10:17:53.138,2.818975957998191,0,72,move_ramp,,0.17905355916685745,0.17749294270237279,65.0,38.0,0.14420161426067352,0.12678721293965056,702.0,39.0,0.16532043945983066,0.16139467460135806,-338.0,38.0,0.16500000000000004,0.158632791638056,708.5,38.0,0.16528992141603727,0.15893797207598992,767.0,38.0,0.16500000000000004,0.15924315251392385,721.5,39.0,0.16500000000000004,0.16014343480582893,526.5,38.0
2026-07-13T10:17:53.246,2.9266024169992306,0,72,move_ramp,,0.19405355916685746,0.1924315251392386,45.5,38.0,0.14420161426067352,0.12762645914396886,656.5,39.0,0.18032043945983067,0.1761654077973602,-377.0,38.0,0.18000000000000005,0.1735713740749218,754.0,38.0,0.18028992141603728,0.17387655451285572,728.0,38.0,0.18000000000000005,0.17418173495078965,825.5,39.0,0.18000000000000005,0.17570763714045928,377.0,38.0
2026-07-13T10:17:53.351,3.0315778750009486,0,72,move_ramp,,0.20905355916685747,0.20737010757610438,45.5,38.0,0.14420161426067352,0.1293202105745022,598.0,39.0,0.19532043945983069,0.19127183947508963,-403.0,38.0,0.19500000000000006,0.18883039597161821,702.0,38.0,0.1952899214160373,0.18944075684748607,604.5,38.0,0.19500000000000006,0.18944075684748607,760.5,39.0,0.19500000000000006,0.19005111772335392,572.0,39.0
2026-07-13T10:17:53.458,3.1388072080007987,0,72,move_ramp,,0.22405355916685749,0.22230869001297016,65.0,38.0,0.14420161426067352,0.13101396200503548,513.5,39.0,0.2103204394598307,0.2063630121309224,-364.0,38.0,0.21000000000000008,0.20315861753261616,832.0,38.0,0.2102899214160373,0.20437933928435187,617.5,38.0,0.21000000000000008,0.20407415884641794,819.0,39.0,0.21000000000000008,0.20529488059815365,494.0,38.0
2026-07-13T10:17:53.559,3.240372957996442,0,72,move_ramp,,0.2390535591668575,0.23637750820172423,110.5,38.0,0.14420161426067352,0.13354695963988708,312.0,39.0,0.2253204394598307,0.22079804684519722,-396.5,38.0,0.2250000000000001,0.21841763942931258,728.0,38.0,0.22528992141603732,0.21902800030518044,676.0,38.0,0.2250000000000001,0.21933318074311436,734.5,39.0,0.2250000000000001,0.21994354161898222,663.0,38.0
2026-07-13T10:17:53.662,3.3430391250003595,0,72,move_ramp,,0.2540535591668575,0.25131609063859006,91.0,38.0,0.14420161426067352,0.13524071107042038,279.5,39.0,0.24032043945983073,0.23590447852292667,-409.5,38.0,0.2400000000000001,0.233676661326009,715.0,39.0,0.24028992141603733,0.2339818417639429,799.5,38.0,0.2400000000000001,0.23428702220187686,721.5,39.0,0.2400000000000001,0.2348973830777447,552.5,38.0
2026-07-13T10:17:53.768,3.4492879579993314,0,72,move_ramp,,0.2690535591668575,0.26536964980544747,123.5,38.0,0.14420161426067352,0.13524071107042038,292.5,39.0,0.25532043945983074,0.2506599526970321,-416.0,38.0,0.2550000000000001,0.24800488288700698,786.5,38.0,0.25528992141603735,0.2486152437628748,832.0,38.0,0.2550000000000001,0.2486152437628748,851.5,39.0,0.2550000000000001,0.2495307850766766,565.5,38.0
2026-07-13T10:17:53.876,3.557058166996285,0,72,move_ramp,,0.28405355916685754,0.28119325551232166,91.0,38.0,0.14420161426067352,0.13607995727473868,260.0,40.0,0.27032043945983075,0.2657663843747616,-442.0,38.0,0.27000000000000013,0.2635690852216373,767.0,38.0,0.27028992141603736,0.2638742656595712,747.5,38.0,0.27000000000000013,0.26417944609750516,806.0,39.0,0.27000000000000013,0.264789806973373,630.5,39.0
2026-07-13T10:17:53.982,3.663461666998046,0,72,move_ramp,,0.29905355916685755,0.29613183794918746,110.5,38.0,0.14420161426067352,0.13607995727473868,260.0,39.0,0.28532043945983077,0.280521858548867,-455.0,38.0,0.28500000000000014,0.2785229266803998,877.5,38.0,0.2852899214160374,0.2788281071183337,838.5,38.0,0.28500000000000014,0.27913328755626765,838.5,39.0,0.28500000000000014,0.28003356984817274,429.0,39.0
2026-07-13T10:17:54.088,3.7691080419972423,0,72,move_ramp,,0.31405355916685757,0.31018539711604487,136.5,38.0,0.14420161426067352,0.1369344625009537,208.0,40.0,0.3003204394598308,0.29529259174486916,-442.0,38.0,0.30000000000000016,0.29285114824139774,799.5,38.0,0.3002899214160374,0.2937666895551995,780.0,38.0,0.30000000000000016,0.2937666895551995,819.0,39.0,0.30000000000000016,0.29498741130693523,442.0,39.0
2026-07-13T10:17:54.195,3.8765695830006734,0,72,move_ramp,,0.3290535591668576,0.326009002822919,143.0,38.0,0.14420161426067352,0.1369344625009537,234.0,40.0,0.30535233378410337,0.30032806897077896,-507.0,38.0,0.31500000000000017,0.3084153505760281,845.0,38.0,0.3152899214160374,0.3084153505760281,871.0,38.0,0.31500000000000017,0.308720531013962,838.5,39.0,0.31500000000000017,0.3096360723277638,656.5,39.0
2026-07-13T10:17:54.303,3.98454783300258,0,72,move_ramp,,0.3440535591668576,0.34006256198977647,117.0,38.0,0.14420161426067352,0.1369344625009537,227.5,39.0,0.30535233378410337,0.3009994659342336,-409.5,38.0,0.3300000000000002,0.3233539330128939,754.0,39.0,0.3302899214160374,0.3236591134508278,838.5,38.0,0.3300000000000002,0.32396429388876175,819.0,39.0,0.3300000000000002,0.3245746547646296,630.5,39.0
2026-07-13T10:17:54.411,4.091779542002769,0,72,move_ramp,,0.3590535591668576,0.35500114442664227,110.5,38.0,0.14420161426067352,0.1369344625009537,214.5,39.0,0.30535233378410337,0.30167086289768824,-331.5,38.0,0.3450000000000002,0.3386129549095903,689.0,39.0,0.3452899214160374,0.3386129549095903,832.0,38.0,0.3450000000000002,0.3386129549095903,890.5,39.0,0.3450000000000002,0.3395284962233921,624.0,39.0
2026-07-13T10:17:54.518,4.198805499996524,0,72,move_ramp,,0.3740535591668576,0.36993972686350807,136.5,38.0,0.14420161426067352,0.1369344625009537,221.0,39.0,0.30535233378410337,0.30167086289768824,-325.0,38.0,0.3600000000000002,0.3535667963683528,754.0,39.0,0.36028992141603744,0.35387197680628674,780.0,39.0,0.3600000000000002,0.35387197680628674,877.5,39.0,0.3600000000000002,0.3547875181200885,656.5,39.0
2026-07-13T10:17:54.624,4.305157417002192,0,72,move_ramp,,0.38905355916685763,0.38399328603036553,110.5,38.0,0.14420161426067352,0.138628213931487,97.5,39.0,0.30535233378410337,0.30167086289768824,-487.5,38.0,0.3750000000000002,0.3685053788052186,760.5,39.0,0.37528992141603745,0.3685053788052186,851.5,39.0,0.3750000000000002,0.36911573968108646,858.0,39.0,0.3750000000000002,0.3697261005569543,572.0,39.0
2026-07-13T10:17:54.730,4.41131233300257,0,72,move_ramp,,0.40405355916685765,0.39981689173723967,117.0,38.0,0.14420161426067352,0.137773708705272,201.5,40.0,0.30535233378410337,0.30200656137941556,-286.0,38.0,0.39000000000000024,0.38376440070191503,689.0,39.0,0.39028992141603747,0.38406958113984896,780.0,39.0,0.39000000000000024,0.3843747615777829,682.5,39.0,0.39000000000000024,0.3846799420157168,624.0,39.0
2026-07-13T10:17:54.838,4.5190184579987545,0,72,move_ramp,,0.41905355916685766,0.41475547417410547,130.0,38.0,0.14420161426067352,0.137773708705272,195.0,40.0,0.30535233378410337,0.3023422598611428,-253.5,38.0,0.40500000000000025,0.3987182421606775,721.5,39.0,0.4052899214160375,0.39902342259861145,578.5,39.0,0.40500000000000025,0.3987182421606775,806.0,39.0,0.40500000000000025,0.3996337834744793,416.0,39.0
2026-07-13T10:17:54.946,4.627001542001381,0,72,move_ramp,,0.43405355916685767,0.42969405661097126,110.5,38.0,0.14420161426067352,0.137773708705272,195.0,40.0,0.30535233378410337,0.3023422598611428,-279.5,38.0,0.42000000000000026,0.41365682459754327,728.0,39.0,0.4202899214160375,0.41365682459754327,897.0,39.0,0.42000000000000026,0.4142671854734112,780.0,39.0,0.42000000000000026,0.4145723659113451,650.0,39.0
2026-07-13T10:17:55.051,4.731779125002504,0,72,move_ramp,,0.4490535591668577,0.44551766231784545,123.5,38.0,0.14420161426067352,0.137773708705272,188.5,39.0,0.30535233378410337,0.30267795834287015,-260.0,38.0,0.4350000000000003,0.4289158464942397,689.0,39.0,0.4264925670623779,0.4200656137941558,845.0,39.0,0.4350000000000003,0.4289158464942397,806.0,39.0,0.4350000000000003,0.42952620737010755,656.5,39.0
2026-07-13T10:17:55.158,4.839444416997139,0,72,move_ramp,,0.4640535591668577,0.4604562447547112,149.5,38.0,0.14420161426067352,0.138628213931487,169.0,40.0,0.30535233378410337,0.30267795834287015,-247.0,38.0,0.4500000000000003,0.4441596093690394,637.0,39.0,0.4264925670623779,0.4200656137941558,819.0,39.0,0.4500000000000003,0.4441596093690394,812.5,39.0,0.4500000000000003,0.44446478980697335,702.0,39.0
2026-07-13T10:17:55.266,4.947388542001136,0,72,move_ramp,,0.4790535591668577,0.47539482719157694,117.0,38.0,0.14420161426067352,0.138628213931487,162.5,40.0,0.30535233378410337,0.30267795834287015,-227.5,38.0,0.4650000000000003,0.458503089951934,747.5,39.0,0.4264925670623779,0.4200656137941558,832.0,39.0,0.4650000000000003,0.45941863126573584,747.5,39.0,0.4650000000000003,0.45941863126573584,702.0,39.0
2026-07-13T10:17:55.370,5.050978207997105,0,72,move_ramp,,0.4940535591668577,0.4903334096284428,104.0,38.0,0.14420161426067352,0.138628213931487,156.0,40.0,0.30535233378410337,0.30267795834287015,-201.5,38.0,0.4800000000000003,0.4734569314106965,715.0,39.0,0.4264925670623779,0.4200656137941558,806.0,39.0,0.4800000000000003,0.4740672922865644,786.5,39.0,0.4800000000000003,0.4740672922865644,702.0,39.0
2026-07-13T10:17:55.476,5.157246875001874,0,72,move_ramp,,0.5090535591668577,0.5052719920653086,123.5,38.0,0.14420161426067352,0.138628213931487,182.0,40.0,0.30535233378410337,0.30267795834287015,-234.0,39.0,0.49500000000000033,0.4887006942854963,734.5,39.0,0.4264925670623779,0.4200656137941558,838.5,39.0,0.49500000000000033,0.4893110551613641,760.5,39.0,0.49500000000000033,0.48900587472343027,721.5,39.0
2026-07-13T10:17:55.584,5.264931958001398,0,72,move_ramp,,0.5240535591668577,0.5210803387502861,97.5,38.0,0.14420161426067352,0.138628213931487,188.5,40.0,0.30535233378410337,0.30267795834287015,-227.5,38.0,0.5100000000000003,0.5036545357442588,715.0,39.0,0.4264925670623779,0.4200656137941558,851.5,39.0,0.5100000000000003,0.5039597161821927,832.0,40.0,0.5100000000000003,0.5039597161821927,728.0,39.0
2026-07-13T10:17:55.688,5.369097624999995,0,72,move_ramp,,0.5390535591668577,0.5351491569390402,130.0,38.0,0.14420161426067352,0.138628213931487,182.0,40.0,0.30535233378410337,0.30267795834287015,-221.0,38.0,0.5250000000000004,0.5183031967650874,884.0,39.0,0.4264925670623779,0.4200656137941558,838.5,39.0,0.5250000000000004,0.5189135576409553,702.0,40.0,0.5250000000000004,0.5186083772030213,708.5,39.0
2026-07-13T10:17:55.792,5.473244417000387,0,72,move_ramp,,0.5540535591668577,0.5509575036240177,117.0,38.0,0.14420161426067352,0.138628213931487,175.5,40.0,0.30535233378410337,0.30267795834287015,-253.5,38.0,0.5400000000000004,0.5332417792019531,799.5,39.0,0.4264925670623779,0.4200656137941558,780.0,39.0,0.5400000000000004,0.5341573205157549,676.0,39.0,0.5400000000000004,0.533852140077821,793.0,39.0
2026-07-13T10:17:55.899,5.5802665000010165,0,72,move_ramp,,0.5690535591668577,0.5650263218127718,117.0,38.0,0.14420161426067352,0.1403067063401236,104.0,40.0,0.30535233378410337,0.30267795834287015,-253.5,38.0,0.5550000000000004,0.5481956206607157,786.5,39.0,0.4264925670623779,0.4200656137941558,838.5,39.0,0.5550000000000004,0.5485008010986496,812.5,40.0,0.5550000000000004,0.5488059815365836,754.0,39.0
2026-07-13T10:17:56.006,5.686961416999111,0,72,move_ramp,,0.5840535591668577,0.5808346684977493,123.5,38.0,0.14420161426067352,0.1403067063401236,175.5,40.0,0.30535233378410337,0.30267795834287015,-234.0,39.0,0.5700000000000004,0.5631342030975814,767.0,39.0,0.4264925670623779,0.4200656137941558,767.0,39.0,0.5700000000000004,0.5631342030975814,942.5,40.0,0.5700000000000004,0.5634393835355154,786.5,39.0
2026-07-13T10:17:56.112,5.793314292001014,0,72,move_ramp,,0.5990535591668578,0.5948882276646067,84.5,38.0,0.14420161426067352,0.1394674601358053,143.0,39.0,0.30535233378410337,0.30267795834287015,-227.5,39.0,0.5850000000000004,0.57778286411841,890.5,39.0,0.4264925670623779,0.4200656137941558,858.0,39.0,0.5850000000000004,0.5780880445563439,942.5,40.0,0.5850000000000004,0.5780880445563439,877.5,39.0
2026-07-13T10:17:56.218,5.89928399999917,0,72,move_ramp,,0.6140535591668578,0.6107118333714809,110.5,38.0,0.14420161426067352,0.1394674601358053,143.0,40.0,0.30535233378410337,0.30267795834287015,-247.0,39.0,0.6000000000000004,0.5927367055771725,864.5,39.0,0.4264925670623779,0.4200656137941558,851.5,39.0,0.6000000000000004,0.5930418860151064,962.0,40.0,0.6000000000000004,0.5930418860151064,871.0,39.0
2026-07-13T10:17:56.326,6.006947082998522,0,72,move_ramp,,0.6202323234081268,0.617746242465858,104.0,38.0,0.14420161426067352,0.1403067063401236,149.5,40.0,0.30535233378410337,0.30267795834287015,-201.5,39.0,0.6150000000000004,0.6073701075761043,884.0,39.0,0.4264925670623779,0.4200656137941558,806.0,39.0,0.6150000000000004,0.6082856488899061,884.0,40.0,0.6150000000000004,0.6079804684519722,832.0,39.0
2026-07-13T10:17:56.428,6.109411999997974,0,72,move_ramp,,0.6202323234081268,0.617746242465858,78.0,38.0,0.14420161426067352,0.1403067063401236,130.0,40.0,0.30535233378410337,0.30267795834287015,-221.0,39.0,0.6300000000000004,0.6223239490348669,897.0,39.0,0.4264925670623779,0.4200656137941558,877.5,39.0,0.6300000000000004,0.6229343099107347,942.5,40.0,0.6300000000000004,0.6229343099107347,1033.5,39.0
2026-07-13T10:17:56.536,6.217404582996096,0,72,move_ramp,,0.6202323234081268,0.617746242465858,97.5,38.0,0.14420161426067352,0.1403067063401236,123.5,40.0,0.30535233378410337,0.30267795834287015,-234.0,39.0,0.6450000000000005,0.6378881513694972,890.5,39.0,0.4264925670623779,0.4200656137941558,845.0,39.0,0.6450000000000005,0.638498512245365,1053.0,40.0,0.6450000000000005,0.6381933318074311,949.0,39.0
2026-07-13T10:17:56.644,6.325381458002084,0,72,move_ramp,,0.6202323234081268,0.617746242465858,58.5,38.0,0.14420161426067352,0.1403067063401236,104.0,40.0,0.30535233378410337,0.30267795834287015,-240.5,39.0,0.6600000000000005,0.6519111924925612,988.0,39.0,0.4264925670623779,0.4200656137941558,851.5,39.0,0.6600000000000005,0.653131914244297,994.5,40.0,0.6600000000000005,0.653131914244297,858.0,39.0
2026-07-13T10:17:56.751,6.431806000000506,0,72,move_ramp,,0.6202323234081268,0.617746242465858,45.5,38.0,0.14420161426067352,0.1403067063401236,91.0,40.0,0.30535233378410337,0.30267795834287015,-221.0,39.0,0.6750000000000005,0.6677805752651255,825.5,39.0,0.4264925670623779,0.4200656137941558,786.5,39.0,0.6750000000000005,0.6677805752651255,949.0,40.0,0.6750000000000005,0.6677805752651255,916.5,39.0
2026-07-13T10:17:56.858,6.539355875000183,0,72,move_ramp,,0.6202323234081268,0.617746242465858,78.0,38.0,0.14420161426067352,0.1403067063401236,130.0,40.0,0.30535233378410337,0.30267795834287015,-247.0,39.0,0.6900000000000005,0.6821087968261235,981.5,39.0,0.4264925670623779,0.4200656137941558,838.5,39.0,0.6883227229118347,0.6818036163881895,708.5,40.0,0.6900000000000005,0.6830243381399252,877.5,39.0
2026-07-13T10:17:56.966,6.646920207997027,0,72,move_ramp,,0.6202323234081268,0.617746242465858,91.0,38.0,0.14420161426067352,0.1403067063401236,123.5,40.0,0.30535233378410337,0.30267795834287015,-247.0,39.0,0.7050000000000005,0.6970626382848859,988.0,39.0,0.4264925670623779,0.4200656137941558,864.5,39.0,0.6883227229118347,0.6818036163881895,897.0,40.0,0.7050000000000005,0.6982833600366216,806.0,39.0
2026-07-13T10:17:57.074,6.754958457997418,0,72,move_ramp,,0.6202323234081268,0.617746242465858,45.5,38.0,0.14420161426067352,0.1403067063401236,104.0,40.0,0.30535233378410337,0.30267795834287015,-253.5,39.0,0.7200000000000005,0.7126268406195163,884.0,39.0,0.4264925670623779,0.4200656137941558,812.5,39.0,0.6883227229118347,0.6818036163881895,936.0,40.0,0.7200000000000005,0.7132372014953842,864.5,39.0
2026-07-13T10:17:57.181,6.861928166996222,0,72,move_ramp,,0.6202323234081268,0.617746242465858,97.5,38.0,0.14420161426067352,0.1403067063401236,117.0,40.0,0.30535233378410337,0.30267795834287015,-247.0,38.0,0.7298201733827592,0.7214618142977035,1053.0,39.0,0.4264925670623779,0.4200656137941558,864.5,39.0,0.6883227229118347,0.6818036163881895,929.5,40.0,0.7241228604316712,0.7172045471885252,903.5,39.0
2026-07-13T10:17:57.788,7.469346500001848,0,72,hold_sample,hold=1/8,0.6202323234081268,0.617746242465858,97.5,38.0,0.14420161426067352,0.1403067063401236,104.0,40.0,0.30535233378410337,0.30267795834287015,-279.5,39.0,0.7298201733827592,0.7214618142977035,1046.5,39.0,0.4264925670623779,0.4200656137941558,799.5,39.0,0.6883227229118347,0.6818036163881895,897.0,40.0,0.7241228604316712,0.7172045471885252,890.5,39.0
2026-07-13T10:17:57.891,7.571998583000095,0,72,hold_sample,hold=2/8,0.6202323234081268,0.617746242465858,78.0,38.0,0.14420161426067352,0.1403067063401236,123.5,40.0,0.30535233378410337,0.30267795834287015,-247.0,38.0,0.7298201733827592,0.7214618142977035,1079.0,39.0,0.4264925670623779,0.4200656137941558,851.5,39.0,0.6883227229118347,0.6818036163881895,916.5,40.0,0.7241228604316712,0.7172045471885252,923.0,39.0
2026-07-13T10:17:57.998,7.679184374996112,0,72,hold_sample,hold=3/8,0.6202323234081268,0.617746242465858,58.5,38.0,0.14420161426067352,0.1403067063401236,143.0,40.0,0.30535233378410337,0.30267795834287015,-221.0,39.0,0.7298201733827592,0.7214618142977035,1066.0,39.0,0.4264925670623779,0.4200656137941558,819.0,39.0,0.6883227229118347,0.6818036163881895,923.0,40.0,0.7241228604316712,0.7172045471885252,884.0,40.0
2026-07-13T10:17:58.106,7.7869309579982655,0,72,hold_sample,hold=4/8,0.6202323234081268,0.617746242465858,84.5,38.0,0.14420161426067352,0.1403067063401236,136.5,40.0,0.30535233378410337,0.30267795834287015,-247.0,39.0,0.7298201733827592,0.7214618142977035,1046.5,39.0,0.4264925670623779,0.4200656137941558,851.5,39.0,0.6883227229118347,0.6818036163881895,929.5,40.0,0.7241228604316712,0.7172045471885252,897.0,40.0
2026-07-13T10:17:58.214,7.8949265830015065,0,72,hold_sample,hold=5/8,0.6202323234081268,0.617746242465858,117.0,38.0,0.14420161426067352,0.1403067063401236,136.5,40.0,0.30535233378410337,0.30267795834287015,-247.0,39.0,0.7298201733827592,0.7214618142977035,1053.0,39.0,0.4264925670623779,0.4200656137941558,819.0,39.0,0.6883227229118347,0.6818036163881895,929.5,40.0,0.7241228604316712,0.7172045471885252,897.0,40.0
2026-07-13T10:17:58.319,8.000007458002074,0,72,hold_sample,hold=6/8,0.6202323234081268,0.617746242465858,110.5,38.0,0.14420161426067352,0.1403067063401236,117.0,39.0,0.30535233378410337,0.30267795834287015,-260.0,39.0,0.7298201733827592,0.7214618142977035,1059.5,39.0,0.4264925670623779,0.4200656137941558,812.5,39.0,0.6883227229118347,0.6818036163881895,936.0,40.0,0.7241228604316712,0.7172045471885252,884.0,40.0
2026-07-13T10:17:58.424,8.105297417001566,0,72,hold_sample,hold=7/8,0.6202323234081268,0.617746242465858,84.5,38.0,0.14420161426067352,0.1403067063401236,123.5,40.0,0.30535233378410337,0.30267795834287015,-253.5,39.0,0.7298201733827592,0.7214618142977035,1066.0,39.0,0.4264925670623779,0.4200656137941558,877.5,39.0,0.6883227229118347,0.6818036163881895,884.0,40.0,0.7241228604316712,0.7172045471885252,897.0,40.0
2026-07-13T10:17:58.531,8.212305458000628,0,72,sample,hold=8/8,0.6202323234081268,0.617746242465858,58.5,38.0,0.14420161426067352,0.1403067063401236,143.0,40.0,0.30535233378410337,0.30267795834287015,-201.5,39.0,0.7298201733827592,0.7214618142977035,1053.0,39.0,0.4264925670623779,0.4200656137941558,845.0,39.0,0.6883227229118347,0.6818036163881895,864.5,40.0,0.7241228604316712,0.7172045471885252,864.5,40.0
2026-07-13T10:17:58.638,8.319477582997933,0,72,return_ramp,,0.6052323234081268,0.6063172350652323,-19.5,38.0,0.1292016142606735,0.12762645914396886,71.5,40.0,0.29035233378410336,0.28992141603723204,-13.0,39.0,0.7148201733827592,0.7132372014953842,117.0,40.0,0.4114925670623779,0.40999465934233614,149.5,39.0,0.6733227229118347,0.6720531013962006,201.5,40.0,0.7091228604316712,0.7077439536125735,156.0,40.0
2026-07-13T10:17:58.744,8.425381875000312,0,72,return_ramp,,0.5902323234081268,0.5905088883802548,0.0,38.0,0.1142016142606735,0.11241321431296254,91.0,40.0,0.27535233378410334,0.27415884641794463,-84.5,39.0,0.6998201733827591,0.6982833600366216,123.5,40.0,0.3964925670623779,0.39505607690547034,162.5,40.0,0.6583227229118347,0.6567940794995041,195.0,40.0,0.6941228604316712,0.6930952925917448,136.5,40.0
2026-07-13T10:17:58.849,8.530430166996666,0,72,return_ramp,,0.5752323234081268,0.5729304951552605,58.5,38.0,0.0992016142606735,0.0980544747081712,71.5,40.0,0.26035233378410333,0.2590524147402152,-84.5,39.0,0.6848201733827591,0.6830243381399252,117.0,40.0,0.3814925670623779,0.38010223544670785,156.0,39.0,0.6433227229118347,0.6418402380407416,188.5,40.0,0.6791228604316711,0.6778515297169452,149.5,40.0
2026-07-13T10:17:58.952,8.633058957995672,0,72,return_ramp,,0.5602323234081268,0.5597467002365148,13.0,38.0,0.0842016142606735,0.08451972228580149,0.0,40.0,0.24535233378410332,0.24461738002594033,-32.5,39.0,0.6698201733827591,0.6680857557030594,130.0,40.0,0.36649256706237787,0.36514839398794535,156.0,40.0,0.6283227229118347,0.6272068360418097,156.0,40.0,0.6641228604316711,0.6628976882581826,136.5,40.0
2026-07-13T10:17:59.059,8.73999874999572,0,72,return_ramp,,0.5452323234081268,0.5456931410696574,13.0,38.0,0.0692016142606735,0.06930647745479515,6.5,40.0,0.2303523337841033,0.22952620737010757,-45.5,39.0,0.6548201733827591,0.6534370946822309,123.5,40.0,0.35149256706237786,0.35020981155107955,156.0,40.0,0.6133227229118347,0.6119478141451133,182.0,40.0,0.6491228604316711,0.6473334859235523,65.0,40.0
2026-07-13T10:17:59.166,8.847279583002091,0,72,return_ramp,,0.5302323234081268,0.5307545586327916,-6.5,38.0,0.054201614260673506,0.05493247882810712,6.5,40.0,0.2153523337841033,0.2144197756923781,-19.5,39.0,0.6398201733827591,0.6381933318074311,175.5,39.0,0.33649256706237785,0.33495078965438313,227.5,40.0,0.5983227229118346,0.5970092317082475,182.0,40.0,0.6341228604316711,0.6330052643625543,136.5,40.0
2026-07-13T10:17:59.270,8.950905416997557,0,72,return_ramp,,0.5152323234081267,0.5158159761959259,6.5,38.0,0.039201614260673506,0.03887998779278248,156.0,40.0,0.20035233378410328,0.2,-19.5,39.0,0.6248201733827591,0.6235446707866026,117.0,40.0,0.32149256706237783,0.3197070267795834,175.5,40.0,0.5833227229118346,0.5817502098115511,214.5,40.0,0.6191228604316711,0.617441062027924,175.5,40.0
2026-07-13T10:17:59.377,9.058384500000102,0,72,return_ramp,,0.5002323234081267,0.50087739375906,0.0,38.0,0.024201614260673507,0.024505989166094453,0.0,40.0,0.18535233378410326,0.18489356832227055,0.0,39.0,0.6098201733827591,0.60859082932784,97.5,40.0,0.3064925670623778,0.3050583657587549,169.0,40.0,0.5683227229118346,0.5671015487907225,156.0,40.0,0.6041228604316711,0.6030975814450293,143.0,40.0
2026-07-13T10:17:59.480,9.160963041998912,0,72,return_ramp,,0.4852323234081267,0.48505378805218585,26.0,38.0,0.009201614260673507,0.00929274433508812,-71.5,40.0,0.17035233378410325,0.1697871366445411,-6.5,39.0,0.594820173382759,0.5930418860151064,136.5,40.0,0.2914925670623778,0.28979934386205847,169.0,40.0,0.5533227229118346,0.5515526054779889,208.0,40.0,0.5891228604316711,0.5878538185702297,149.5,40.0
2026-07-13T10:17:59.583,9.264411707998079,0,72,return_ramp,,0.4702323234081267,0.4692301823453116,52.0,38.0,0.0,0.0008392462043183033,6.5,40.0,0.15535233378410324,0.15469596398870833,0.0,39.0,0.579820173382759,0.57778286411841,266.5,40.0,0.2764925670623778,0.2751659418631266,156.0,40.0,0.5383227229118346,0.5365987640192263,208.0,40.0,0.574122860431671,0.5725947966735332,149.5,40.0
2026-07-13T10:17:59.688,9.36928941700171,0,72,return_ramp,,0.4552323234081267,0.45517662317845425,39.0,38.0,0.0,0.0008392462043183033,0.0,39.0,0.14035233378410322,0.1402609292744335,0.0,39.0,0.564820173382759,0.5634393835355154,117.0,40.0,0.2614925670623778,0.260517280842298,123.5,40.0,0.5233227229118346,0.5222552834363318,156.0,40.0,0.559122860431671,0.5579613946746014,149.5,40.0
2026-07-13T10:17:59.794,9.475334333001229,0,72,return_ramp,,0.4402323234081267,0.43935301747158007,26.0,38.0,0.0,0.0008392462043183033,13.0,40.0,0.1253523337841032,0.12515449759670405,6.5,39.0,0.549820173382759,0.5481956206607157,136.5,40.0,0.24649256706237777,0.24495307850766768,175.5,40.0,0.5083227229118346,0.507011520561532,188.5,40.0,0.544122860431671,0.5427023727779049,149.5,40.0
2026-07-13T10:17:59.898,9.579390291997697,0,72,return_ramp,,0.42523232340812667,0.4235446707866026,58.5,38.0,0.0,0.0008392462043183033,0.0,40.0,0.11035233378410321,0.11006332494087129,19.5,39.0,0.534820173382759,0.5332417792019531,123.5,40.0,0.23149256706237775,0.23001449607080182,156.0,40.0,0.49332272291183454,0.49175249866483556,214.5,40.0,0.529122860431671,0.5277485313191425,169.0,40.0
2026-07-13T10:18:00.001,9.682589999996708,0,72,return_ramp,,0.41023232340812665,0.40947585259784847,26.0,38.0,0.0,0.0016784924086366065,-19.5,40.0,0.09535233378410321,0.09529259174486915,19.5,39.0,0.519820173382759,0.5179980163271535,136.5,40.0,0.21649256706237774,0.21506065461203938,143.0,40.0,0.47832272291183453,0.4765087357900359,221.0,40.0,0.514122860431671,0.5131151293202105,149.5,40.0
2026-07-13T10:18:00.108,9.789556832998642,0,72,return_ramp,,0.39523232340812664,0.3945372701609827,32.5,38.0,0.0,0.0008392462043183033,6.5,40.0,0.08035233378410321,0.07986572060730907,0.0,39.0,0.504820173382759,0.502738994430457,188.5,40.0,0.20149256706237773,0.19981689173723965,175.5,40.0,0.4633227229118345,0.4618600747692073,188.5,40.0,0.499122860431671,0.4981612878614481,149.5,40.0
2026-07-13T10:18:00.216,9.897312249995593,0,72,return_ramp,,0.3802323234081266,0.3787289234760052,52.0,38.0,0.0,0.0008392462043183033,0.0,40.0,0.06535233378410321,0.06509498741130694,32.5,39.0,0.48982017338275896,0.48809033340962843,123.5,40.0,0.1864925670623777,0.185473411154345,136.5,40.0,0.4483227229118345,0.44721141374837875,156.0,40.0,0.48412286043167096,0.48259708552681774,149.5,40.0
2026-07-13T10:18:00.324,10.005312667002727,0,72,return_ramp,,0.3652323234081266,0.3637903410391394,58.5,38.0,0.0,0.0008392462043183033,13.0,39.0,0.05035233378410321,0.0503242542153048,26.0,39.0,0.47482017338275895,0.4731517509727626,123.5,40.0,0.1714925670623777,0.17051956969558252,117.0,40.0,0.4333227229118345,0.43227283131151295,169.0,40.0,0.46912286043167095,0.467658503089952,156.0,40.0
2026-07-13T10:18:00.431,10.112299624997831,0,72,return_ramp,,0.3502323234081266,0.3479667353322652,78.0,38.0,0.0,0.0008392462043183033,0.0,40.0,0.03535233378410321,0.03523308155947204,32.5,39.0,0.45982017338275893,0.458503089951934,104.0,40.0,0.15649256706237769,0.1552758068207828,130.0,40.0,0.4183227229118345,0.4167086289768826,208.0,40.0,0.45412286043167094,0.45331502250705724,130.0,40.0
2026-07-13T10:18:00.538,10.219302167002752,0,72,return_ramp,,0.3352323234081266,0.3339131761654077,45.5,38.0,0.0,0.0,58.5,39.0,0.020352333784103213,0.0204623483634699,39.0,39.0,0.4448201733827589,0.4429388876173037,143.0,40.0,0.14149256706237767,0.14001678492408637,136.5,40.0,0.40332272291183446,0.40205996795605403,195.0,40.0,0.4391228604316709,0.43776607919432364,156.0,40.0
2026-07-13T10:18:00.642,10.32290733300033,0,72,return_ramp,,0.3202323234081266,0.318974593728542,65.0,38.0,0.0,0.0,58.5,39.0,0.005352333784103214,0.005020218204013122,32.5,39.0,0.4298201733827589,0.4280003051804379,123.5,40.0,0.12649256706237766,0.12567330434119173,104.0,40.0,0.38832272291183445,0.3865110246433204,221.0,40.0,0.4241228604316709,0.4231174181734951,130.0,40.0
2026-07-13T10:18:00.748,10.42926483300107,0,72,return_ramp,,0.30523232340812656,0.3031509880216678,110.5,38.0,0.0,0.0,71.5,39.0,0.00032043945983062285,0.0,39.0,39.0,0.4148201733827589,0.4130464637216754,143.0,40.0,0.11149256706237766,0.11073472190432593,130.0,40.0,0.37332272291183444,0.3715571831845579,214.5,40.0,0.4091228604316709,0.4081635767147326,123.5,40.0
2026-07-13T10:18:00.854,10.534807124997315,0,72,return_ramp,,0.29023232340812655,0.2899671931029221,26.0,38.0,0.0,0.0,58.5,39.0,0.00032043945983062307,0.0,32.5,39.0,0.3998201733827589,0.39841306172274354,136.5,40.0,0.09649256706237766,0.09578088044556345,110.5,40.0,0.3583227229118344,0.356923781185626,201.5,40.0,0.3941228604316709,0.39291981383993285,130.0,40.0
2026-07-13T10:18:00.961,10.641888332997041,0,72,return_ramp,,0.27523232340812653,0.275043869687953,13.0,38.0,0.0,0.0,91.0,39.0,0.00032043945983062307,0.0,32.5,39.0,0.38482017338275887,0.3834592202639811,104.0,40.0,0.08149256706237766,0.08082703898680095,97.5,40.0,0.3433227229118344,0.3419699397268635,195.0,40.0,0.37912286043167087,0.37796597238117036,123.5,40.0
2026-07-13T10:18:01.064,10.744878375000553,0,72,return_ramp,,0.2602323234081265,0.25922026398107884,58.5,38.0,0.0,0.0,91.0,39.0,0.00032043945983062307,0.0,26.0,39.0,0.36982017338275885,0.3685053788052186,110.5,40.0,0.06649256706237766,0.06558327611200122,110.5,40.0,0.3283227229118344,0.32732127870603495,156.0,40.0,0.36412286043167086,0.36301213092240786,130.0,40.0
2026-07-13T10:18:01.171,10.851785166996706,0,72,return_ramp,,0.2452323234081265,0.244281681544213,58.5,38.0,0.0,0.0,97.5,39.0,0.00032043945983062307,0.0,32.5,39.0,0.35482017338275884,0.3532616159304189,123.5,40.0,0.05149256706237766,0.05062943465323873,104.0,40.0,0.3133227229118344,0.31238269626916915,162.5,40.0,0.34912286043167085,0.34807354848554206,123.5,40.0
2026-07-13T10:18:01.278,10.959235583002737,0,72,return_ramp,,0.2302323234081265,0.2293430991073472,19.5,38.0,0.0,0.0,97.5,39.0,0.00032043945983062307,0.0,32.5,39.0,0.33982017338275883,0.3386129549095903,78.0,40.0,0.03649256706237766,0.035996032654306856,84.5,40.0,0.29832272291183437,0.2971236743724727,149.5,40.0,0.33412286043167083,0.33311970702677957,136.5,40.0
2026-07-13T10:18:01.385,11.066760791996785,0,72,return_ramp,,0.21523232340812648,0.2144045166704814,19.5,38.0,0.0,0.0,110.5,39.0,0.00032043945983062307,0.0,39.0,39.0,0.3248201733827588,0.3233539330128939,91.0,40.0,0.021492567062377663,0.021347371633478295,71.5,40.0,0.28332272291183436,0.2818646524757763,195.0,40.0,0.3191228604316708,0.31818112458991377,117.0,40.0
2026-07-13T10:18:01.494,11.174908041997696,0,72,return_ramp,,0.20023232340812647,0.19946593423361564,19.5,38.0,0.0,0.0,110.5,39.0,0.00032043945983062307,0.0,32.5,39.0,0.3098201733827588,0.3084153505760281,97.5,40.0,0.006492567062377663,0.0063935301747158006,65.0,40.0,0.26832272291183434,0.26753643091477836,130.0,40.0,0.3041228604316708,0.30292210269321734,143.0,40.0
2026-07-13T10:18:01.601,11.28176020799583,0,72,return_ramp,,0.18523232340812645,0.18364232852674145,52.0,38.0,0.0,0.0,123.5,39.0,0.00032043945983062307,0.0,26.0,39.0,0.2948201733827588,0.2934615091172656,91.0,40.0,0.00028992141603723185,0.0,45.5,40.0,0.25332272291183433,0.25227740901808193,169.0,40.0,0.2891228604316708,0.2885786221103227,91.0,40.0
2026-07-13T10:18:01.708,11.389269416999014,0,72,return_ramp,,0.17023232340812644,0.16958876935988404,26.0,38.0,0.0,0.0,123.5,39.0,0.00032043945983062307,0.0,32.5,39.0,0.2798201733827588,0.2788281071183337,84.5,40.0,0.000289921416037232,0.0,45.5,40.0,0.23832272291183432,0.23764400701915006,117.0,40.0,0.2741228604316708,0.273334859235523,91.0,40.0
2026-07-13T10:18:01.811,11.4922614169991,0,72,return_ramp,,0.15523232340812643,0.15553521019302663,0.0,38.0,0.0,0.0,130.0,39.0,0.00032043945983062307,0.0,26.0,39.0,0.26482017338275876,0.2635690852216373,104.0,40.0,0.000289921416037232,0.0,39.0,40.0,0.2233227229118343,0.22299534599832155,97.5,40.0,0.25912286043167077,0.25838101777676054,91.0,40.0
2026-07-13T10:18:01.914,11.59528287500143,0,72,return_ramp,,0.1402323234081264,0.14059662775616083,0.0,38.0,0.0,0.0,123.5,39.0,0.00032043945983062307,0.0,32.5,39.0,0.24982017338275875,0.24892042420080876,97.5,40.0,0.000289921416037232,0.0,39.0,40.0,0.2083227229118343,0.2077363241016251,91.0,40.0,0.24412286043167075,0.24342717631799798,169.0,40.0
2026-07-13T10:18:02.021,11.702319124997302,0,72,return_ramp,,0.1252323234081264,0.12477302204928664,19.5,38.0,0.0,0.0,123.5,39.0,0.00032043945983062307,0.0,32.5,39.0,0.23482017338275873,0.233676661326009,78.0,40.0,0.000289921416037232,0.0,39.0,40.0,0.19332272291183428,0.19249256122682537,123.5,40.0,0.22912286043167074,0.22879377431906614,110.5,40.0
2026-07-13T10:18:02.128,11.809277416999976,0,72,return_ramp,,0.1102323234081264,0.10983443961242084,13.0,38.0,0.0,0.0,130.0,39.0,0.00032043945983062307,0.0,26.0,39.0,0.21982017338275872,0.2187228198672465,143.0,40.0,0.000289921416037232,0.0,32.5,40.0,0.17832272291183426,0.1778439002059968,91.0,40.0,0.21412286043167073,0.21353475242236972,91.0,40.0
2026-07-13T10:18:02.235,11.916704541996296,0,72,return_ramp,,0.0952323234081264,0.09578088044556346,0.0,38.0,0.0,0.0,149.5,39.0,0.00032043945983062307,0.0,32.5,39.0,0.2048201733827587,0.20407415884641794,97.5,40.0,0.000289921416037232,0.0,32.5,40.0,0.16332272291183425,0.1628900587472343,136.5,40.0,0.1991228604316707,0.19829098954757,247.0,40.0
2026-07-13T10:18:02.343,12.024383416995988,0,72,return_ramp,,0.0802323234081264,0.07995727473868924,19.5,38.0,0.0,0.0,156.0,39.0,0.00032043945983062307,0.0,32.5,39.0,0.1898201733827587,0.18883039597161821,78.0,40.0,0.000289921416037232,0.0,39.0,40.0,0.14832272291183424,0.14825665674830243,39.0,40.0,0.1841228604316707,0.18364232852674145,78.0,40.0
2026-07-13T10:18:02.448,12.12894887499715,0,72,return_ramp,,0.0652323234081264,0.06590371557183185,0.0,38.0,0.0,0.0,149.5,39.0,0.00032043945983062307,0.00032043945983062307,58.5,39.0,0.17482017338275868,0.17448691538872357,78.0,40.0,0.000289921416037232,0.0,-26.0,40.0,0.13332272291183422,0.132997634851606,97.5,40.0,0.16912286043167069,0.16868848706797895,110.5,40.0
2026-07-13T10:18:02.555,12.236691582998901,0,72,return_ramp,,0.0502323234081264,0.05008010986495766,13.0,38.0,0.0,0.0,143.0,39.0,0.00032043945983062307,0.00032043945983062307,58.5,39.0,0.15982017338275867,0.15893797207598992,84.5,40.0,0.000289921416037232,0.0,39.0,40.0,0.11832272291183422,0.1177538719768063,97.5,40.0,0.15412286043167067,0.15405508506904708,84.5,40.0
2026-07-13T10:18:02.663,12.34439908299828,0,72,return_ramp,,0.035232323408126404,0.03514152742809186,71.5,38.0,0.0,0.0,162.5,39.0,0.00032043945983062307,0.00032043945983062307,58.5,39.0,0.14482017338275865,0.14398413061722742,58.5,40.0,0.000289921416037232,0.0,39.0,40.0,0.10332272291183422,0.10310521095597772,45.5,40.0,0.13912286043167066,0.13849088273441673,97.5,40.0
2026-07-13T10:18:02.770,12.451518542002304,0,72,return_ramp,,0.020232323408126404,0.02195773250934615,-13.0,38.0,0.0,0.0,149.5,39.0,0.00032043945983062307,0.00032043945983062307,65.0,39.0,0.12982017338275864,0.12903028915846496,78.0,40.0,0.000289921416037232,0.0,39.0,40.0,0.08832272291183423,0.0878461890592813,110.5,40.0,0.12412286043167066,0.12323186083772032,91.0,40.0
2026-07-13T10:18:02.878,12.559234457999992,0,72,return_ramp,,0.014053559166857405,0.014923323414969101,-26.0,38.0,0.0,0.0,136.5,39.0,0.00032043945983062307,0.00032043945983062307,65.0,39.0,0.11482017338275864,0.11409170672159916,65.0,40.0,0.000289921416037232,0.0,32.5,40.0,0.07332272291183423,0.07290760662241551,91.0,40.0,0.10912286043167066,0.10829327840085451,130.0,40.0
2026-07-13T10:18:02.984,12.6651947499995,0,72,return_ramp,,0.014053559166857405,0.014923323414969101,-26.0,38.0,0.0,0.0,156.0,39.0,0.00032043945983062307,0.00032043945983062307,58.5,39.0,0.09982017338275864,0.09944304570077057,58.5,40.0,0.000289921416037232,0.0,45.5,40.0,0.05832272291183423,0.057953765163653005,97.5,40.0,0.09412286043167066,0.09364461738002594,78.0,40.0
2026-07-13T10:18:03.088,12.769402332996833,0,72,return_ramp,,0.014053559166857405,0.014923323414969101,-26.0,38.0,0.0,0.0,143.0,39.0,0.00032043945983062307,0.00032043945983062307,58.5,39.0,0.08482017338275864,0.08448920424200809,78.0,40.0,0.000289921416037232,0.0,39.0,40.0,0.04332272291183423,0.042999923704890516,97.5,40.0,0.07912286043167066,0.07901121538109407,97.5,40.0
2026-07-13T10:18:03.195,12.876762583000527,0,72,return_ramp,,0.014053559166857405,0.014923323414969101,-26.0,38.0,0.0,0.0,156.0,39.0,0.00032043945983062307,0.00032043945983062307,65.0,39.0,0.06982017338275864,0.06894026092927444,71.5,40.0,0.000289921416037232,0.0,45.5,40.0,0.028322722911834228,0.02775616083009079,97.5,40.0,0.06412286043167066,0.06375219348439765,84.5,40.0
2026-07-13T10:18:03.301,12.981931750000513,0,72,return_ramp,,0.014053559166857405,0.014923323414969101,-26.0,38.0,0.0,0.0,149.5,39.0,0.00032043945983062307,0.00032043945983062307,45.5,39.0,0.054820173382758644,0.05429159990844587,78.0,40.0,0.000289921416037232,0.0,39.0,40.0,0.013322722911834228,0.012802319371328297,97.5,40.0,0.04912286043167066,0.04879835202563516,91.0,40.0
2026-07-13T10:18:03.405,13.086559374998615,0,72,return_ramp,,0.014053559166857405,0.014923323414969101,-26.0,38.0,0.0,0.0,156.0,39.0,0.00032043945983062307,0.00032043945983062307,65.0,39.0,0.039820173382758645,0.03904783703364614,162.5,40.0,0.000289921416037232,0.0,52.0,40.0,0.0,0.0,84.5,40.0,0.03412286043167066,0.03355458915083543,91.0,40.0
2026-07-13T10:18:03.508,13.189347583000199,0,72,return_ramp,,0.014053559166857405,0.014923323414969101,-26.0,38.0,0.0,0.0,169.0,39.0,0.00032043945983062307,0.00032043945983062307,65.0,39.0,0.024820173382758645,0.024704356450751506,65.0,40.0,0.000289921416037232,0.0,39.0,40.0,0.0,0.0,84.5,40.0,0.019122860431670663,0.018905928130006865,71.5,40.0
2026-07-13T10:18:03.611,13.292485457997827,0,72,return_ramp,,0.014053559166857405,0.014923323414969101,-26.0,38.0,0.0,0.0,169.0,39.0,0.00032043945983062307,0.00032043945983062307,58.5,39.0,0.009820173382758646,0.009445334554055084,65.0,40.0,0.000289921416037232,0.0,45.5,40.0,0.0,0.0,84.5,40.0,0.0041228604316706635,0.003952086671244373,52.0,40.0
2026-07-13T10:18:03.718,13.399020874996495,0,72,return_ramp,,0.014053559166857405,0.014923323414969101,-26.0,38.0,0.0,0.0,169.0,39.0,0.00032043945983062307,0.0,39.0,39.0,0.0,0.0,32.5,40.0,0.000289921416037232,0.0,39.0,40.0,0.0,0.0,84.5,40.0,0.0,0.0,32.5,40.0
2026-07-13T10:18:03.718,13.399201416999858,0,72,return_rest,,0.014053559166857405,0.014923323414969101,-26.0,38.0,0.0,0.0,169.0,39.0,0.00032043945983062307,0.0,39.0,39.0,0.0,0.0,32.5,40.0,0.000289921416037232,0.0,39.0,40.0,0.0,0.0,84.5,40.0,0.0,0.0,32.5,40.0
