timestamp,elapsed_s,label,max_abs_current_ma,max_temp_c,mapping_candidate,target_0_thumb_abd,pos_0_thumb_abd,curr_ma_0_thumb_abd,temp_c_0_thumb_abd,raw_sim_action_0_thumb_abd,sim_ctrl_0_thumb_abd,sim_norm_0_thumb_abd,real_target_preclip_0_thumb_abd,real_target_after_clip_0_thumb_abd,target_1_thumb_flex,pos_1_thumb_flex,curr_ma_1_thumb_flex,temp_c_1_thumb_flex,raw_sim_action_1_thumb_flex,sim_ctrl_1_thumb_flex,sim_norm_1_thumb_flex,real_target_preclip_1_thumb_flex,real_target_after_clip_1_thumb_flex,target_2_thumb_tendon,pos_2_thumb_tendon,curr_ma_2_thumb_tendon,temp_c_2_thumb_tendon,raw_sim_action_2_thumb_tendon,sim_ctrl_2_thumb_tendon,sim_norm_2_thumb_tendon,real_target_preclip_2_thumb_tendon,real_target_after_clip_2_thumb_tendon,target_3_index,pos_3_index,curr_ma_3_index,temp_c_3_index,raw_sim_action_3_index,sim_ctrl_3_index,sim_norm_3_index,real_target_preclip_3_index,real_target_after_clip_3_index,target_4_middle,pos_4_middle,curr_ma_4_middle,temp_c_4_middle,raw_sim_action_4_middle,sim_ctrl_4_middle,sim_norm_4_middle,real_target_preclip_4_middle,real_target_after_clip_4_middle,target_5_ring,pos_5_ring,curr_ma_5_ring,temp_c_5_ring,raw_sim_action_5_ring,sim_ctrl_5_ring,sim_norm_5_ring,real_target_preclip_5_ring,real_target_after_clip_5_ring,target_6_pinky,pos_6_pinky,curr_ma_6_pinky,temp_c_6_pinky,raw_sim_action_6_pinky,sim_ctrl_6_pinky,sim_norm_6_pinky,real_target_preclip_6_pinky,real_target_after_clip_6_pinky
2026-07-03T16:24:44.303,1.5531990829622373,initial_rest,214.5,36.0,,0.014053559166857405,0.015808346684977492,-71.5,35.0,,,,,,0.0,0.0,214.5,34.0,,,,,,0.00032043945983062307,0.0,32.5,36.0,,,,,,0.0,0.0,71.5,35.0,,,,,,0.000289921416037232,0.0,19.5,35.0,,,,,,0.0,0.0,117.0,35.0,,,,,,0.0,0.0,78.0,35.0,,,,,
2026-07-03T16:24:44.393,1.64359345799312,pregrasp_0,416.0,36.0,,0.033715762569619286,0.030746929121843288,45.5,35.0,,,,,,0.006666666666666666,0.0,416.0,34.0,,,,,,0.0069604028381780704,0.006027313649195084,-6.5,36.0,,,,,,0.009999999999999998,0.005477988860914015,403.0,35.0,,,,,,0.010265761298034129,0.009140154116121157,32.5,35.0,,,,,,0.009999999999999998,0.006698710612649729,409.5,35.0,,,,,,0.009999999999999998,0.007919432364385443,162.5,35.0,,,,,
2026-07-03T16:24:44.485,1.7352370829321444,pregrasp_1,643.5,36.0,,0.05337796597238117,0.04919508659494927,52.0,35.0,,,,,,0.013333333333333332,0.0,643.5,35.0,,,,,,0.013600366216525519,0.013076981765468832,117.0,36.0,,,,,,0.019999999999999997,0.015243762874799727,396.5,35.0,,,,,,0.020241601180031023,0.019211108567940796,45.5,35.0,,,,,,0.019999999999999997,0.01585412375066758,513.5,35.0,,,,,,0.019999999999999997,0.017685206378271152,117.0,35.0,,,,,
2026-07-03T16:24:44.573,1.8230441669002175,pregrasp_2,585.0,36.0,,0.07304016937514306,0.07029831387808042,58.5,35.0,,,,,,0.02,0.005065995269703212,585.0,34.0,,,,,,0.020240329594872968,0.019455252918287938,-26.0,36.0,,,,,,0.03,0.025314717326619364,318.5,35.0,,,,,,0.030217441062027922,0.02958724345769436,-26.0,35.0,,,,,,0.03,0.02561989776455329,526.5,35.0,,,,,,0.03,0.027450980392156862,195.0,35.0,,,,,
2026-07-03T16:24:44.661,1.9111592499539256,pregrasp_3,578.5,36.0,,0.09270237277790494,0.08874647135118639,39.0,35.0,,,,,,0.026666666666666665,0.011825741969939728,578.5,34.0,,,,,,0.026880292973220414,0.02583352407110704,-39.0,36.0,,,,,,0.039999999999999994,0.035080491340505074,468.0,35.0,,,,,,0.040193280944024815,0.038742656595712216,58.5,35.0,,,,,,0.039999999999999994,0.03569085221637293,565.5,35.0,,,,,,0.039999999999999994,0.0375219348439765,143.0,35.0,,,,,
2026-07-03T16:24:44.748,1.9985959579935297,pregrasp_4,676.0,36.0,,0.11236457618066682,0.10894941634241245,71.5,35.0,,,,,,0.03333333333333333,0.016891737239642938,676.0,35.0,,,,,,0.03352025635156786,0.03221179522392614,-71.5,36.0,,,,,,0.05,0.04483100633249409,435.5,35.0,,,,,,0.05016912082602172,0.04879835202563516,-13.0,35.0,,,,,,0.05,0.045136186770428015,617.5,35.0,,,,,,0.05,0.046967269398031586,247.0,35.0,,,,,
2026-07-03T16:24:44.839,2.089030332979746,pregrasp_5,604.5,36.0,,0.1320267795834287,0.1300526436255436,-13.0,35.0,,,,,,0.04,0.024505989166094453,604.5,34.0,,,,,,0.04016021972991531,0.03825436789501793,-130.0,36.0,,,,,,0.06,0.0545967803463798,481.0,35.0,,,,,,0.06014496070801861,0.057953765163653005,162.5,35.0,,,,,,0.06,0.05520714122224765,591.5,35.0,,,,,,0.06,0.05703822384985122,318.5,35.0,,,,,
2026-07-03T16:24:44.931,2.1807785829296336,pregrasp_6,624.0,36.0,,0.1516889829861906,0.14850080109864958,65.0,35.0,,,,,,0.04666666666666667,0.03126573586633097,624.0,35.0,,,,,,0.04680018310826276,0.04461738002594034,-156.0,36.0,,,,,,0.07,0.0643625543602655,578.5,35.0,,,,,,0.07012080059001552,0.06680399786373693,279.5,35.0,,,,,,0.07,0.06497291523613337,611.0,35.0,,,,,,0.07,0.066498817425803,325.0,35.0,,,,,
2026-07-03T16:24:45.020,2.2707157919649035,pregrasp_7,643.5,36.0,,0.17135118638895247,0.16958876935988404,0.0,35.0,,,,,,0.05333333333333333,0.03802548256656748,643.5,35.0,,,,,,0.053440146486610204,0.05133134966048676,-162.5,36.0,,,,,,0.07999999999999999,0.07443350881208514,591.5,35.0,,,,,,0.0800966404720124,0.07626459143968872,318.5,35.0,,,,,,0.07999999999999999,0.075043869687953,624.0,35.0,,,,,,0.07999999999999999,0.07656977187762265,240.5,35.0,,,,,
2026-07-03T16:24:45.111,2.3611187499482185,pregrasp_8,656.5,36.0,,0.19101338979171434,0.18803692683299,65.0,35.0,,,,,,0.06,0.04310673685816739,656.5,35.0,,,,,,0.060080109864957654,0.05804531929503319,-26.0,36.0,,,,,,0.09,0.08448920424200809,585.0,35.0,,,,,,0.0900724803540093,0.0857099259937438,403.0,35.0,,,,,,0.09,0.08479438467994202,656.5,35.0,,,,,,0.09,0.08632028686961166,390.0,35.0,,,,,
2026-07-03T16:24:45.201,2.4516518749296665,pregrasp_9,695.5,36.0,,0.21067559319447624,0.20825513084611277,71.5,35.0,,,,,,0.06666666666666667,0.04986648355840391,676.0,35.0,,,,,,0.0667200732433051,0.06408789196612497,-201.5,36.0,,,,,,0.1,0.09394979781795987,624.0,35.0,,,,,,0.10004832023600621,0.0954757000076295,448.5,35.0,,,,,,0.1,0.09456015869382772,695.5,35.0,,,,,,0.1,0.09578088044556345,429.0,35.0,,,,,
2026-07-03T16:24:45.293,2.5431261669145897,pregrasp_10,682.5,36.0,,0.2303377965972381,0.22845807583733882,-19.5,35.0,,,,,,0.07333333333333333,0.05662623025864042,682.5,35.0,,,,,,0.07336003662165255,0.07046616311894408,-221.0,36.0,,,,,,0.10999999999999999,0.10402075226977951,676.0,35.0,,,,,,0.11002416011800309,0.10524147402151522,474.5,35.0,,,,,,0.10999999999999999,0.10463111314564737,656.5,35.0,,,,,,0.10999999999999999,0.106157015335317,208.0,35.0,,,,,
2026-07-03T16:24:45.385,2.6347590419463813,pregrasp_11,702.0,36.0,,0.25,0.2469214923323415,58.5,35.0,,,,,,0.08,0.06338597695887693,656.5,35.0,,,,,,0.08,0.07751583123521782,-169.0,36.0,,,,,,0.12,0.11409170672159916,624.0,35.0,,,,,,0.12,0.11531242847333485,468.0,35.0,,,,,,0.12,0.11439688715953307,702.0,35.0,,,,,,0.12,0.11592278934920272,390.0,35.0,,,,,
2026-07-03T16:24:45.541,2.7916367918951437,pregrasp_hold,689.0,36.0,,0.25,0.2486762798504616,58.5,35.0,,,,,,0.08,0.06338597695887693,676.0,35.0,,,,,,0.08,0.07751583123521782,-214.5,36.0,,,,,,0.12,0.11439688715953307,624.0,35.0,,,,,,0.12,0.11561760891126881,494.0,35.0,,,,,,0.12,0.11500724803540091,689.0,35.0,,,,,,0.12,0.11592278934920272,474.5,35.0,,,,,
2026-07-03T16:24:45.632,2.8827095829183236,step_0,754.0,36.0,policy_affine,0.08405355916685742,0.09314106965743496,357.5,35.0,-0.42001426219940186,0.4559900164604187,0.2899928689002991,0.2899928689002991,0.08405355916685742,0.055,0.04986648355840391,182.0,35.0,0.07478970289230347,0.03522436910867691,0.5373948514461522,0.3325210297107696,0.055,0.055320439459830624,0.055024032959487296,-260.0,36.0,0.1259748786687851,0.10151169854402543,0.5629874393343931,0.3408697973191734,0.055320439459830624,0.055,0.05734340428778516,474.5,35.0,0.19818952679634094,0.09396379053592682,0.5990947633981705,0.2384254612028599,0.055,0.05528992141603723,0.05917448691538872,331.5,35.0,0.28790801763534546,0.0957581603527069,0.6439540088176724,0.21734161585569395,0.05528992141603723,0.055,0.05673304341191729,754.0,35.0,-0.11977487057447433,0.0876045025885105,0.4401125647127625,0.3131470945850016,0.055,0.06,0.06253147173266194,520.0,35.0,-0.2297128289937973,0.08540574342012405,0.38514358550310124,0.36357677139341843,0.06
2026-07-03T16:24:45.723,2.9735541669651866,step_1,494.0,36.0,policy_affine,0.15405355916685742,0.15025558861676966,-39.0,35.0,-0.18799303472042084,0.6184048756957055,0.4060034826397896,0.4060034826397896,0.15405355916685742,0.11,0.0938277256427863,494.0,35.0,0.2862549126148224,0.03585876473784447,0.6431274563074113,0.31137450873851774,0.11,0.11032043945983062,0.10469214923323415,-52.0,36.0,0.12074993550777435,0.1014489992260933,0.5603749677538873,0.34290752515196793,0.11032043945983062,0.11,0.10127412832837415,299.0,35.0,0.10522966086864471,0.0921045932173729,0.5526148304343224,0.2602710296958685,0.11,0.11028992141603723,0.10402075226977951,13.0,35.0,0.6294735670089722,0.10258947134017944,0.814736783504486,0.13707371175289157,0.11028992141603723,0.11,0.10218966964217593,188.5,35.0,-0.032931145280599594,0.08934137709438801,0.4835344273597002,0.2927388191409409,0.11,0.12,0.11226062409399558,45.5,35.0,-0.36494186520576477,0.0827011626958847,0.3175290673971175,0.3980601756274701,0.12
2026-07-03T16:24:45.815,3.065165292005986,step_2,585.0,36.0,policy_affine,0.22405355916685743,0.2179140917067216,-136.5,35.0,-0.3459126651287079,0.5078611344099044,0.32704366743564606,0.32704366743564606,0.22405355916685743,0.165,0.14622720683604182,585.0,35.0,-0.23130974173545837,0.034306070774793626,0.38434512913227104,0.3631309741735458,0.165,0.16532043945983063,0.1593957427328908,-91.0,36.0,0.2378305047750473,0.10285396605730057,0.6189152523875239,0.29724610313773137,0.16532043945983063,0.165,0.15558098725871672,331.5,35.0,-0.028798984363675117,0.08942402031272649,0.48560050781816216,0.2917677613254638,0.165,0.13161133825778965,0.12628366521705958,455.0,35.0,0.6527177095413208,0.10305435419082641,0.8263588547706603,0.13161133825778965,0.13161133825778965,0.165,0.15619134813458457,286.0,35.0,0.04884205758571625,0.09097684115171432,0.524421028792858,0.27352211646735675,0.165,0.18,0.17082475013351645,208.0,35.0,-0.4898187518119812,0.08020362496376038,0.25509062409400934,0.4299037817120553,0.18
2026-07-03T16:24:45.905,3.1555169579805806,step_3,578.5,36.0,policy_affine,0.29405355916685744,0.2908522163729305,-32.5,35.0,-0.3651512563228607,0.4943941205739975,0.3174243718385697,0.3174243718385697,0.29405355916685744,0.22,0.20033569848172733,578.5,35.0,0.018239879980683327,0.035054719639942056,0.5091199399903427,0.3381760120019315,0.22,0.22032043945983062,0.21374837872892347,13.0,36.0,0.0923987627029419,0.10110878515243531,0.5461993813514712,0.3539644825458525,0.22032043945983062,0.22,0.2098725871671626,351.0,35.0,0.0843912735581398,0.09168782547116279,0.5421956367790697,0.26516805071383726,0.22,0.1263310569524766,0.12475776302738995,214.5,35.0,0.6751869916915894,0.10350373983383178,0.8375934958457945,0.1263310569524766,0.1263310569524766,0.22,0.21048294804303044,305.5,35.0,-0.12692908942699432,0.08746141821146011,0.4365354552865027,0.3148283360153437,0.22,0.24,0.23031967650873578,240.5,35.0,-0.5429163575172424,0.07914167284965515,0.22854182124137856,0.443443671166897,0.24
2026-07-03T16:24:45.991,3.24150570796337,step_4,507.0,36.0,policy_affine,0.36405355916685744,0.3611505302510109,-188.5,35.0,0.0932544469833374,0.8152781128883362,0.5466272234916687,0.5466272234916687,0.36405355916685744,0.275,0.2544289311055161,507.0,35.0,-0.13102753460407257,0.034606917396187785,0.43448623269796416,0.35310275346040715,0.275,0.25067905336618423,0.24528877698939497,-260.0,36.0,0.3572331964969635,0.10428679835796356,0.6786165982484818,0.25067905336618423,0.25067905336618423,0.275,0.2644846265354391,409.5,35.0,-0.030442962422966957,0.08939114075154066,0.48477851878851635,0.2921540961693973,0.275,0.1362346729636193,0.13116655222400245,481.0,35.0,0.6330439448356628,0.10266087889671326,0.8165219724178313,0.1362346729636193,0.1362346729636193,0.275,0.2657053482871748,409.5,35.0,-0.23351742327213287,0.08532965153455734,0.3832412883639333,0.33987659446895135,0.275,0.3,0.28949416342412454,195.0,35.0,-0.5461663007736206,0.07907667398452758,0.22691684961318948,0.4442724066972734,0.3
2026-07-03T16:24:46.083,3.333083499921486,step_5,702.0,36.0,policy_affine,0.43405355916685745,0.43144884412909135,-182.0,35.0,0.39963480830192566,1.0297443658113479,0.6998174041509628,0.6998174041509628,0.43405355916685745,0.33,0.3093766689555199,546.0,35.0,-0.09616675972938538,0.03471149972081185,0.4519166201353079,0.34961667597293844,0.33,0.2507202681899068,0.24797436484321356,-104.0,36.0,0.35712751746177673,0.10428553020954133,0.6785637587308887,0.2507202681899068,0.2507202681899068,0.29749669371172804,0.2901045242999924,702.0,35.0,-0.05317742004990578,0.08893645159900188,0.4734112899750468,0.29749669371172804,0.29749669371172804,0.15650689840316767,0.1513084611276417,273.0,35.0,0.5467791557312012,0.10093558311462403,0.7733895778656007,0.15650689840316767,0.15650689840316767,0.33,0.31999694819562063,435.5,35.0,-0.2553769648075104,0.08489246070384979,0.3723115175962446,0.345013586729765,0.33,0.36,0.35112535286488133,234.0,35.0,-0.584376335144043,0.07831247329711914,0.20781183242797843,0.45401596546173106,0.36
2026-07-03T16:24:46.173,3.4231416248949245,step_6,494.0,36.0,policy_affine,0.5040535591668575,0.5017471580071717,-195.0,35.0,0.9352201819419861,1.4046541273593902,0.967610090970993,0.967610090970993,0.5040535591668575,0.31839732617139793,0.3093766689555199,299.0,35.0,0.21602673828601837,0.03564808021485806,0.6080133691430102,0.31839732617139793,0.31839732617139793,0.27209562867879844,0.26710917830167086,-390.0,36.0,0.30231890082359314,0.10362782680988313,0.6511594504117969,0.27209562867879844,0.27209562867879844,0.27381672674790025,0.2727244983596551,169.0,35.0,0.047588396817445755,0.09095176793634892,0.5237941984087229,0.27381672674790025,0.27381672674790025,0.1817722457647324,0.17570763714045928,260.0,35.0,0.43926703929901123,0.09878534078598022,0.7196335196495055,0.1817722457647324,0.1817722457647324,0.38394339814782147,0.37430380712596323,494.0,35.0,-0.4210357367992401,0.0815792852640152,0.2894821316003799,0.38394339814782147,0.38394339814782147,0.42,0.41029983978027007,286.0,35.0,-0.530900776386261,0.07938198447227478,0.2345496118068693,0.4403796979784967,0.42
2026-07-03T16:24:46.264,3.5147477498976514,step_7,845.0,36.0,policy_affine,0.5740535591668574,0.5720454718852521,-71.5,35.0,0.8753399848937988,1.3627379894256593,0.9376699924468995,0.9376699924468995,0.5740535591668574,0.33792316425591695,0.3271229114213779,299.0,35.0,0.020768357440829277,0.03506230507232249,0.5103841787204151,0.33792316425591695,0.33792316425591695,0.32709562867879843,0.3201190203707942,-117.0,36.0,-0.050998754799366,0.09938801494240761,0.474500622600317,0.40988951437175275,0.32709562867879843,0.2831681203981862,0.2773022049286641,676.0,35.0,0.007795232348144054,0.09015590464696288,0.5038976161740719,0.2831681203981862,0.2831681203981862,0.17540842488408104,0.1735713740749218,162.5,35.0,0.4663471281528473,0.09932694256305694,0.7331735640764233,0.17540842488408104,0.17540842488408104,0.39206196442246444,0.3859006637674525,845.0,35.0,-0.4555828273296356,0.08088834345340729,0.272208586335182,0.39206196442246444,0.39206196442246444,0.4105155956745149,0.40907911802853436,71.5,35.0,-0.4137866497039795,0.0817242670059204,0.29310667514801003,0.4105155956745149,0.4105155956745149
2026-07-03T16:24:46.355,3.605561332893558,step_8,903.5,36.0,policy_affine,0.6440535591668575,0.6344396124208438,-45.5,35.0,0.388139933347702,1.0216979533433914,0.694069966673851,0.694069966673851,0.6440535591668575,0.35188402920961376,0.3338826581216144,767.0,35.0,-0.118840292096138,0.03464347912371159,0.4405798539519312,0.35188402920961376,0.35188402920961376,0.3820956286787984,0.37112993057145033,-429.0,36.0,-0.26694801449775696,0.09679662382602693,0.366525992751122,0.49410972565412487,0.3820956286787984,0.33816812039818617,0.3279316395819028,364.0,35.0,-0.22938162088394165,0.08541236758232117,0.38530918955802906,0.33890468090772635,0.33816812039818617,0.14992091804742824,0.14978255893797207,175.5,35.0,0.5748046040534973,0.10149609208106994,0.7874023020267484,0.14992091804742824,0.14992091804742824,0.3945672377943993,0.38834210727092394,903.5,35.0,-0.46624356508255005,0.080675128698349,0.2668782174587249,0.3945672377943993,0.3945672377943993,0.4159277896583081,0.4109102006561379,604.5,35.0,-0.4350109398365021,0.08129978120326996,0.28249453008174885,0.4159277896583081,0.4159277896583081
2026-07-03T16:24:46.443,3.6936310419114307,step_9,858.0,36.0,policy_affine,0.6625497043132782,0.652018005645838,331.5,35.0,0.3250994086265564,0.9775695860385895,0.6625497043132782,0.6625497043132782,0.6625497043132782,0.34247935820370906,0.3322041657129778,377.0,35.0,-0.024793582037091255,0.03492561925388873,0.4876032089814546,0.34247935820370906,0.34247935820370906,0.4370956286787984,0.4244907301441977,-858.0,36.0,-0.3646247684955597,0.09562450277805329,0.3176876157522205,0.532203659713268,0.4370956286787984,0.3583191680908203,0.35112535286488133,604.5,35.0,-0.3119964599609375,0.08376007080078125,0.3440017700195312,0.3583191680908203,0.3583191680908203,0.20492091804742824,0.19676508735790035,221.0,35.0,0.29547834396362305,0.09590956687927246,0.6477391719818115,0.2155625891685486,0.20492091804742824,0.34647491857409496,0.3465476462958724,682.5,35.0,-0.26159539818763733,0.08476809203624724,0.369202300906181,0.34647491857409496,0.34647491857409496,0.4191601242125036,0.41335164415960934,741.0,35.0,-0.4476867616176605,0.08104626476764679,0.2761566191911695,0.4191601242125036,0.4191601242125036
2026-07-03T16:24:46.533,3.7836213749833405,step_10,1326.0,36.0,policy_affine,0.6198142915964127,0.6159914549477379,143.0,35.0,0.23962858319282532,0.9177400082349777,0.6198142915964127,0.6198142915964127,0.6198142915964127,0.342049053274095,0.3288166628519112,552.5,35.0,-0.020490532740950584,0.03493852840177715,0.489754733629525,0.342049053274095,0.342049053274095,0.48673824638128277,0.4711375600823987,-1326.0,36.0,-0.24804678559303284,0.0970234385728836,0.37597660720348364,0.48673824638128277,0.48673824638128277,0.3677223457396031,0.36087586785687037,747.5,35.0,-0.35200998187065125,0.08295980036258697,0.32399500906467427,0.3677223457396031,0.3677223457396031,0.2575394314900042,0.2495307850766766,214.5,35.0,0.11685348302125931,0.09233706966042518,0.5584267415106294,0.2575394314900042,0.2575394314900042,0.40147491857409495,0.392309452964065,598.0,35.0,-0.546250581741333,0.07907498836517333,0.22687470912933325,0.4133688867092134,0.40147491857409495,0.4235138849914075,0.4170138094148165,819.0,35.0,-0.46476033329963684,0.08070479333400726,0.26761983335018147,0.4235138849914075,0.4235138849914075
2026-07-03T16:24:46.624,3.8746916248928756,step_11,864.5,36.0,policy_affine,0.6212238743901253,0.617746242465858,39.0,35.0,0.24244774878025055,0.9197134241461754,0.6212238743901253,0.6212238743901253,0.6212238743901253,0.35007267609238624,0.3305104142824445,864.5,35.0,-0.10072676092386246,0.03469781971722841,0.4496366195380689,0.35007267609238624,0.35007267609238624,0.4317382463812828,0.4318760967421988,-260.0,36.0,0.05199481546878815,0.10062393778562546,0.5259974077343944,0.36972202196717235,0.4317382463812828,0.34908775940537473,0.34776836804760813,182.0,35.0,-0.27271386981010437,0.0845457226037979,0.3636430650949475,0.34908775940537473,0.34908775940537473,0.25365435279905807,0.25136186770428015,208.0,35.0,0.13338573276996613,0.09266771465539932,0.5666928663849828,0.25365435279905807,0.25365435279905807,0.3860225968062878,0.3846799420157168,169.0,35.0,-0.4298833906650543,0.08140233218669891,0.28505830466747273,0.3860225968062878,0.3860225968062878,0.3741990520060064,0.37460898756389716,598.0,36.0,-0.2713688313961029,0.08457262337207794,0.3643155843019483,0.3741990520060064,0.3741990520060064
2026-07-03T16:24:46.710,3.9606254999525845,step_12,929.5,36.0,policy_affine,0.6391335874795914,0.637949187457084,39.0,35.0,0.27826717495918274,0.9447870224714279,0.6391335874795914,0.6391335874795914,0.6391335874795914,0.3590480768680572,0.33980315861753263,812.5,35.0,-0.1904807686805725,0.034428557693958285,0.4047596156597142,0.3590480768680572,0.3590480768680572,0.3767382463812828,0.3785152971694514,-448.5,36.0,0.2819247245788574,0.10338309669494629,0.6409623622894287,0.28004935741424564,0.3767382463812828,0.3315629374235869,0.3303730830853742,195.0,35.0,-0.19814015924930573,0.08603719681501389,0.400929920375347,0.3315629374235869,0.3315629374235869,0.20810629919171336,0.2089570458533608,513.5,35.0,0.3272072374820709,0.09654414474964142,0.6636036187410354,0.20810629919171336,0.20810629919171336,0.41867390453815473,0.4096894789044022,929.5,35.0,-0.5688251256942749,0.0786234974861145,0.21558743715286227,0.41867390453815473,0.41867390453815473,0.3884024846553804,0.3834592202639811,448.5,35.0,-0.327068567276001,0.08345862865447998,0.3364657163619993,0.3884024846553804,0.3884024846553804
2026-07-03T16:24:46.799,4.049448249978013,step_13,403.0,36.0,policy_affine,0.7091335874795914,0.7003433279926756,32.5,35.0,0.7607470154762268,1.2825229108333587,0.8803735077381134,0.8803735077381134,0.7091335874795914,0.33974699297454203,0.3347371633478294,130.0,35.0,0.0025300702545791864,0.03500759021076374,0.5012650351272897,0.33974699297454203,0.33974699297454203,0.3217382463812828,0.3224689097428855,-403.0,36.0,0.29502105712890625,0.10354025268554688,0.6475105285644535,0.2749417877197263,0.3217382463812828,0.3105025206878782,0.30902571145189595,286.0,35.0,-0.10852136462926865,0.08782957270741462,0.44573931768536545,0.3105025206878782,0.3105025206878782,0.18268786832690248,0.18211642633707179,273.0,35.0,0.4353707730770111,0.09870741546154022,0.7176853865385053,0.18268786832690248,0.18268786832690248,0.39376318171620384,0.39291981383993285,208.0,35.0,-0.4628220498561859,0.08074355900287628,0.26858897507190677,0.39376318171620384,0.39376318171620384,0.3870350672304631,0.3834592202639811,370.5,35.0,-0.3217061460018158,0.08356587707996369,0.339146926999092,0.3870350672304631,0.3870350672304631
2026-07-03T16:24:46.890,4.140726082958281,step_14,864.5,36.0,policy_affine,0.7791335874795915,0.7688868543526362,0.0,35.0,0.8969225883483887,1.377845811843872,0.9484612941741942,0.9484612941741942,0.7791335874795915,0.3190207788348196,0.31360341802090486,234.0,35.0,0.20979221165180206,0.03562937663495541,0.604896105825902,0.3190207788348196,0.3190207788348196,0.3439578261226413,0.3382467383840696,-422.5,36.0,0.11805685609579086,0.1014166822731495,0.5590284280478958,0.3439578261226413,0.3439578261226413,0.2838369685388171,0.283085374227512,260.0,35.0,0.004949070047587156,0.09009898140095174,0.5024745350237934,0.2838369685388171,0.2838369685388171,0.14026728659868237,0.14062714579995422,325.0,35.0,0.6158838868141174,0.10231767773628235,0.8079419434070587,0.14026728659868237,0.14026728659868237,0.40291882604360585,0.39658197909514,864.5,35.0,-0.501782238483429,0.07996435523033142,0.2491088807582854,0.40291882604360585,0.40291882604360585,0.36175731882452977,0.3611810482948043,227.5,36.0,-0.22257772088050842,0.08554844558238983,0.3887111395597457,0.36175731882452977,0.36175731882452977
2026-07-03T16:24:46.978,4.228105874964967,step_15,1209.0,36.0,policy_affine,0.8491335874795916,0.826886396581979,1007.5,35.0,0.8871591091156006,1.3710113763809204,0.9435795545578003,0.9435795545578003,0.8491335874795916,0.328487722724676,0.31021591515983826,968.5,35.0,0.11512277275323868,0.03534536831825972,0.5575613863766199,0.328487722724676,0.328487722724676,0.3989578261226413,0.38489356832227056,-1209.0,36.0,-0.04917246103286743,0.0994099304676056,0.4754137694835668,0.40917725980281794,0.3989578261226413,0.2793262809421867,0.27791256580453194,97.5,35.0,0.024143485352396965,0.09048286970704794,0.5120717426761985,0.2793262809421867,0.2793262809421867,0.171715672314167,0.16685740444037536,383.5,35.0,0.482060968875885,0.0996412193775177,0.7410304844379425,0.171715672314167,0.171715672314167,0.4058680191636086,0.39902342259861145,949.0,35.0,-0.5143319964408875,0.07971336007118225,0.24283400177955616,0.4058680191636086,0.4058680191636086,0.3753101579844954,0.36789501792935075,994.5,36.0,-0.2757261097431183,0.08448547780513763,0.3621369451284405,0.3753101579844954,0.3753101579844954
2026-07-03T16:24:47.068,4.31863887491636,step_16,1755.0,36.0,policy_affine,0.7791335874795915,0.778545815213245,240.5,35.0,0.4168913960456848,1.0418239772319793,0.7084456980228424,0.7084456980228424,0.7791335874795915,0.34131548680365065,0.31021591515983826,1755.0,35.0,-0.01315486803650856,0.03496053539589048,0.4934225659817469,0.34131548680365065,0.34131548680365065,0.4539578261226413,0.43724727244983597,-1261.0,36.0,-0.3184415102005005,0.096178701877594,0.3407792448997502,0.5141921889781949,0.4539578261226413,0.3343262809421867,0.32610055695429924,260.0,35.0,-0.22563070058822632,0.08548738598823546,0.3871846497058865,0.33802321463823337,0.3343262809421867,0.15687559306621562,0.15588616769665065,169.0,35.0,0.5452102422714233,0.10090420484542846,0.7726051211357114,0.15687559306621562,0.15687559306621562,0.4060356700420381,0.39902342259861145,955.5,35.0,-0.5150454044342041,0.07969909191131591,0.24247729778289764,0.4060356700420381,0.4060356700420381,0.37190187007188813,0.3675898374914168,572.0,36.0,-0.26236027479171753,0.08475279450416565,0.36881986260414107,0.37190187007188813,0.37190187007188813
2026-07-03T16:24:47.159,4.409395124996081,step_17,2554.5,36.0,policy_affine,0.7091335874795914,0.7143968871595331,52.0,35.0,0.33664005994796753,0.9856480419635772,0.6683200299739838,0.6683200299739838,0.7091335874795914,0.35281529068946826,0.31021591515983826,2554.5,35.0,-0.12815290689468384,0.03461554127931595,0.4359235465526587,0.35281529068946826,0.35281529068946826,0.5089578261226413,0.48925001907377735,-1657.5,36.0,-0.444414883852005,0.09466702139377595,0.2777925580739979,0.5633218047022817,0.5089578261226413,0.3564897088706494,0.34929427023727777,767.0,35.0,-0.3042115271091461,0.08391576945781708,0.34789423644542683,0.3564897088706494,0.3564897088706494,0.20864707797765747,0.2013275349050126,318.5,35.0,0.32490605115890503,0.09649812102317809,0.6624530255794522,0.20864707797765747,0.20864707797765747,0.38723194107413295,0.3855954833295186,247.0,35.0,-0.435029536485672,0.08129940927028656,0.2824852317571639,0.38723194107413295,0.38723194107413295,0.4091720941662789,0.3987182421606775,1144.0,36.0,-0.4085180163383484,0.08182963967323303,0.29574099183082575,0.4091720941662789,0.4091720941662789
2026-07-03T16:24:47.249,4.499529416905716,step_18,2463.5,36.0,policy_affine,0.6391335874795914,0.6467383840695811,104.0,35.0,0.24517059326171875,0.9216194152832031,0.6225852966308594,0.6225852966308594,0.6391335874795914,0.3586267316341398,0.31190966659037156,2463.5,35.0,-0.18626731634140015,0.034441198050975806,0.40686634182930104,0.3586267316341398,0.3586267316341398,0.5399702247977252,0.5157701991302358,-1397.5,36.0,-0.38453903794288635,0.09538553154468538,0.30773048102855743,0.5399702247977252,0.5399702247977252,0.38024645045399674,0.3730830853742275,442.0,35.0,-0.40530404448509216,0.08189391911029816,0.29734797775745375,0.38024645045399674,0.38024645045399674,0.26364707797765746,0.25593957427328906,123.5,35.0,0.027000591158866882,0.09054001182317734,0.5135002955794333,0.27865486107766635,0.26364707797765746,0.3709101706743241,0.3694209201190204,266.5,35.0,-0.3655751943588257,0.08268849611282349,0.31721240282058705,0.3709101706743241,0.3709101706743241,0.4286852174997331,0.4212863355458915,533.0,36.0,-0.4850400686264038,0.08029919862747192,0.257479965686798,0.4286852174997331,0.4286852174997331
2026-07-03T16:24:47.338,4.588505249936134,step_19,3081.0,36.0,policy_affine,0.6480567008256912,0.637949187457084,312.0,35.0,0.29611340165138245,0.9572793811559677,0.6480567008256912,0.6480567008256912,0.6480567008256912,0.3693175697326658,0.31360341802090486,3081.0,35.0,-0.29317569732666016,0.034120472908020026,0.35341215133667103,0.3693175697326658,0.3693175697326658,0.5817177844047542,0.5627374685282673,-2080.0,36.0,-0.49158406257629395,0.09410099124908448,0.25420796871185364,0.5817177844047542,0.5817177844047542,0.3719411766529085,0.37003128099488825,130.0,35.0,-0.3699624538421631,0.08260075092315673,0.3150187730789182,0.3719411766529085,0.3719411766529085,0.2885036469856278,0.2818646524757763,689.0,35.0,-0.014909136109054089,0.08970181727781891,0.4925454319454727,0.2885036469856278,0.2885036469856278,0.36021804645657546,0.3590600442511635,214.5,35.0,-0.3200767934322357,0.08359846413135529,0.33996160328388203,0.36021804645657546,0.36021804645657546,0.40928103432059304,0.40785839627679865,240.5,36.0,-0.408945232629776,0.08182109534740448,0.2955273836851118,0.40928103432059304,0.40928103432059304
2026-07-03T16:24:47.429,4.679325666977093,step_20,1774.5,36.0,policy_affine,0.5780567008256912,0.5808346684977493,52.0,35.0,-0.2560715079307556,0.570749944448471,0.3719642460346222,0.3719642460346222,0.5780567008256912,0.3728046321868895,0.3347371633478294,1774.5,35.0,-0.3280463218688965,0.034015861034393316,0.33597683906555265,0.3728046321868895,0.3728046321868895,0.5267177844047541,0.5254901960784314,-266.5,36.0,-0.1612943708896637,0.09806446754932405,0.4193528145551687,0.4529048046469684,0.5267177844047541,0.3169411766529085,0.31696040283817806,546.0,35.0,0.04722253233194351,0.09094445064663886,0.5236112661659715,0.2739027049019934,0.3169411766529085,0.3435036469856278,0.3358663309681849,546.0,35.0,-0.6938427090644836,0.07612314581871032,0.15307864546775798,0.4480530366301538,0.3435036469856278,0.3971660365164282,0.3892576485847257,968.5,35.0,-0.47730228304862976,0.0804539543390274,0.2613488584756848,0.3971660365164282,0.3971660365164282,0.3928606790304186,0.39169909208819714,188.5,36.0,-0.344551682472229,0.08310896635055541,0.32772415876388516,0.3928606790304186,0.3928606790304186
2026-07-03T16:24:47.520,4.770725916954689,step_21,1332.5,36.0,policy_affine,0.5850659981369972,0.5834744792858778,6.5,35.0,0.17013199627399445,0.8690923973917961,0.5850659981369972,0.5850659981369972,0.5850659981369972,0.4081628465652466,0.3778439002059968,1332.5,35.0,-0.6816284656524658,0.0329551146030426,0.15918576717376703,0.4081628465652466,0.4081628465652466,0.47171778440475415,0.4728160524910353,-240.5,36.0,0.2764911353588104,0.10331789362430573,0.6382455676794053,0.28216845721006384,0.47171778440475415,0.28521685071900726,0.2843060959792477,357.5,35.0,-0.0009227690170519054,0.08998154461965896,0.4995386154914739,0.28521685071900726,0.28521685071900726,0.3926316258311273,0.3843747615777829,299.0,35.0,-0.45800691843032837,0.08083986163139342,0.2709965407848354,0.3926316258311273,0.3926316258311273,0.43306715756654746,0.42189669642175937,916.5,35.0,-0.6300730109214783,0.07739853978157044,0.18496349453926075,0.43306715756654746,0.43306715756654746,0.385052660405636,0.38376440070191503,162.5,36.0,-0.31393200159072876,0.08372135996818542,0.3430339992046353,0.385052660405636,0.385052660405636
2026-07-03T16:24:47.611,4.861581124947406,step_22,981.5,36.0,policy_affine,0.5433635041117668,0.5509575036240177,-195.0,35.0,0.08672700822353363,0.8107089057564736,0.5433635041117668,0.5433635041117668,0.5433635041117668,0.41318937182426446,0.3922178988326848,864.5,35.0,-0.7318937182426453,0.03280431884527207,0.1340531408786777,0.41318937182426446,0.41318937182426446,0.41671778440475415,0.418448157473106,-279.5,36.0,0.058630045503377914,0.10070356054604054,0.5293150227516894,0.3671342822536823,0.41671778440475415,0.2800666139461101,0.2788281071183337,123.5,35.0,0.020993132144212723,0.09041986264288425,0.5104965660721061,0.2800666139461101,0.2800666139461101,0.3428177580237389,0.3438010223544671,487.5,35.0,-0.24603301286697388,0.08507933974266052,0.3769834935665129,0.3428177580237389,0.3428177580237389,0.4675977337360384,0.45606164644846264,981.5,35.0,-0.7770116329193115,0.07445976734161376,0.11149418354034388,0.4675977337360384,0.4675977337360384,0.3928611654043199,0.38803692683299,559.0,36.0,-0.3445535898208618,0.08310892820358276,0.32772320508956887,0.3928611654043199,0.3928611654043199
2026-07-03T16:24:47.703,4.953053124947473,step_23,1423.5,36.0,policy_affine,0.48594976216554636,0.4964827954528115,-227.5,35.0,-0.028100475668907166,0.7303296670317649,0.48594976216554636,0.48594976216554636,0.48594976216554636,0.38978453814983355,0.38376440070191503,208.0,35.0,-0.4978453814983368,0.03350646385550499,0.2510773092508322,0.38978453814983355,0.38978453814983355,0.36171778440475416,0.3627374685282673,-331.5,36.0,0.28013938665390015,0.1033616726398468,0.6400696933269501,0.28074563920497897,0.36171778440475416,0.3244983592629433,0.3163500419623102,650.0,35.0,-0.16807812452316284,0.08663843750953674,0.4159609377384185,0.3244983592629433,0.3244983592629433,0.28781775802373893,0.28888380254825663,351.0,35.0,0.010969400405883789,0.09021938800811767,0.5054847002029417,0.2824221909046174,0.28781775802373893,0.46786584347486504,0.45789272907606626,1423.5,35.0,-0.7781525254249573,0.07443694949150086,0.11092373728752125,0.46786584347486504,0.46786584347486504,0.4165919864177705,0.4081635767147326,1066.0,36.0,-0.43761563301086426,0.08124768733978271,0.28119218349456776,0.4165919864177705,0.4165919864177705
2026-07-03T16:24:47.793,5.0431310829008,step_24,760.5,36.0,policy_affine,0.5559497621655464,0.5527122911421378,-26.0,35.0,0.23484233021736145,0.914389631152153,0.6174211651086807,0.6174211651086807,0.5559497621655464,0.39873113870620713,0.3879911497673,149.5,35.0,-0.5873113870620728,0.033238065838813786,0.20634430646896434,0.39873113870620713,0.39873113870620713,0.30671778440475417,0.30771343556878006,-390.0,36.0,0.32138440012931824,0.10385661280155183,0.6606922000646595,0.26466008394956564,0.30671778440475417,0.3273013533651829,0.32060730907148854,760.5,35.0,-0.1800057590007782,0.08639988481998444,0.40999712049961085,0.3273013533651829,0.3273013533651829,0.23281775802373894,0.2339818417639429,526.5,35.0,0.26847514510154724,0.09536950290203094,0.6342375725507735,0.22190834090113642,0.23281775802373894,0.4332312926650049,0.431967650873579,383.5,35.0,-0.6307714581489563,0.07738457083702087,0.1846142709255216,0.4332312926650049,0.4332312926650049,0.4366729056835177,0.43013656824597546,481.0,36.0,-0.516364336013794,0.07967271327972411,0.24181783199310264,0.4366729056835177,0.4366729056835177
2026-07-03T16:24:47.884,5.134703707997687,step_25,442.0,36.0,policy_affine,0.6259497621655463,0.6203860532539864,-13.0,35.0,0.48206138610839844,1.087442970275879,0.7410306930541993,0.7410306930541993,0.6259497621655463,0.3613670566678045,0.36009765774013885,136.5,35.0,-0.21367056667804718,0.034358988299965865,0.39316471666097746,0.3613670566678045,0.3613670566678045,0.2517177844047542,0.25300984206912336,-442.0,36.0,0.4851158857345581,0.10582139062881471,0.7425579428672796,0.2008048045635219,0.2517177844047542,0.30456846714019786,0.30322728313115127,195.0,35.0,-0.08327007293701172,0.08833459854125976,0.4583649635314939,0.30456846714019786,0.30456846714019786,0.18579291835427297,0.18699931334401465,312.0,35.0,0.42215779423713684,0.09844315588474273,0.7110788971185681,0.18579291835427297,0.18579291835427297,0.4048538637161257,0.4041962310215915,338.0,35.0,-0.5100164413452148,0.0797996711730957,0.2449917793273922,0.4048538637161257,0.4048538637161257,0.42768575713038465,0.42616922255283435,162.5,36.0,-0.48112061619758606,0.08037758767604827,0.2594396919012067,0.42768575713038465,0.42768575713038465
2026-07-03T16:24:47.976,5.225842124898918,step_26,344.5,36.0,policy_affine,0.6959497621655464,0.6933089188982986,-123.5,35.0,0.9432249665260315,1.4102574765682219,0.9716124832630156,0.9716124832630156,0.6959497621655464,0.3180714094638824,0.31613641565575645,143.0,35.0,0.21928590536117554,0.03565785771608353,0.6096429526805879,0.3180714094638824,0.3180714094638824,0.26136990666389437,0.25871671625848786,-201.5,36.0,0.32982075214385986,0.10395784902572633,0.6649103760719304,0.26136990666389437,0.26136990666389437,0.2953527463972569,0.2937666895551995,149.5,35.0,-0.044054239988327026,0.08911891520023346,0.47797288000583643,0.2953527463972569,0.2953527463972569,0.14859237343072906,0.14856183718623636,344.5,36.0,0.5804579854011536,0.10160915970802306,0.7902289927005764,0.14859237343072906,0.14859237343072906,0.4034649905562402,0.40236514839398796,156.0,35.0,-0.504106342792511,0.07991787314414978,0.24794682860374426,0.4034649905562402,0.4034649905562402,0.41208814889192596,0.4109102006561379,266.5,36.0,-0.41995352506637573,0.08160092949867248,0.2900232374668119,0.41208814889192596,0.41208814889192596
2026-07-03T16:24:48.066,5.316472957958467,step_27,416.0,36.0,policy_affine,0.7659497621655464,0.7618524452582589,-19.5,35.0,0.8845066428184509,1.3691546499729155,0.9422533214092254,0.9422533214092254,0.7659497621655464,0.3196373516321181,0.31444266422522316,169.0,35.0,0.20362648367881775,0.035610879451036456,0.6018132418394094,0.3196373516321181,0.3196373516321181,0.31636990666389436,0.31006332494087124,-123.5,36.0,-0.028438009321689606,0.09965874388813974,0.48578099533915575,0.4010908236354585,0.31636990666389436,0.27656457580626026,0.2751659418631266,214.5,35.0,0.03589542210102081,0.0907179084420204,0.5179477110505101,0.27656457580626026,0.27656457580626026,0.15254315763711934,0.14917219806210422,390.0,36.0,0.563646137714386,0.10127292275428772,0.7818230688571929,0.15254315763711934,0.15254315763711934,0.40360749870538726,0.40236514839398796,188.5,35.0,-0.5047127604484558,0.07990574479103088,0.24764361977577187,0.40360749870538726,0.40360749870538726,0.3947132544219496,0.3935301747158007,416.0,36.0,-0.35181668400764465,0.0829636663198471,0.32409165799617734,0.3947132544219496,0.3947132544219496
2026-07-03T16:24:48.155,5.405497291940264,step_28,1313.0,36.0,policy_affine,0.6959497621655464,0.7047379262989243,-13.0,35.0,0.336627334356308,0.9856391340494156,0.668313667178154,0.668313667178154,0.6959497621655464,0.35084677651524526,0.32458991378652635,1313.0,35.0,-0.10846776515245438,0.03467459670454264,0.4457661174237736,0.35084677651524526,0.35084677651524526,0.37136990666389436,0.3590600442511635,-669.5,36.0,-0.25519970059394836,0.09693760359287262,0.37240014970302604,0.4895278832316397,0.37136990666389436,0.33156457580626025,0.3215228503852903,357.5,35.0,-0.24490977823734283,0.08510180443525314,0.37754511088132847,0.3425537978857756,0.33156457580626025,0.15990873068571088,0.15588616769665065,364.0,35.0,0.5323032736778259,0.10064606547355652,0.766151636838913,0.15990873068571088,0.15990873068571088,0.41889961481094373,0.41243610284580756,838.5,35.0,-0.5697855949401855,0.07860428810119628,0.21510720252990692,0.41889961481094373,0.41889961481094373,0.37161383792758,0.37125200274662395,299.0,36.0,-0.2612307369709015,0.08477538526058197,0.3693846315145491,0.37161383792758,0.37161383792758
2026-07-03T16:24:48.246,5.496156416949816,step_29,1150.5,37.0,policy_affine,0.6704907268285751,0.6739757381551843,0.0,35.0,0.34098145365715027,0.9886870175600052,0.6704907268285751,0.6704907268285751,0.6704907268285751,0.3509889186918734,0.3271229114213779,1150.5,35.0,-0.1098891869187355,0.0346703324392438,0.4450554065406332,0.3509889186918734,0.3509889186918734,0.42636990666389435,0.4177767605096513,-208.0,37.0,-0.4175604283809662,0.09498927485942842,0.29121978580951746,0.5528485670685764,0.42636990666389435,0.35491623625159274,0.348378728923476,539.5,35.0,-0.2975158989429474,0.08404968202114105,0.3512420505285261,0.35491623625159274,0.35491623625159274,0.21490873068571087,0.20865186541542688,182.0,36.0,0.29029425978660583,0.09580588519573212,0.6451471298933029,0.21678084895014765,0.21490873068571087,0.39531764671206493,0.39414053559166856,247.0,35.0,-0.46943679451942444,0.0806112641096115,0.26528160274028745,0.39531764671206493,0.39531764671206493,0.3807871156930925,0.37582970931563286,669.5,36.0,-0.2972043752670288,0.08405591249465942,0.35139781236648543,0.3807871156930925,0.3807871156930925
2026-07-03T16:24:48.333,5.583099832991138,step_30,1118.0,36.0,policy_affine,0.6004907268285751,0.6089570458533607,-39.0,35.0,0.19274114072322845,0.8849187985062599,0.5963705703616142,0.5963705703616142,0.6004907268285751,0.3515175634622573,0.3271229114213779,1118.0,35.0,-0.11517563462257385,0.03465447309613228,0.44241218268871346,0.3515175634622573,0.3515175634622573,0.48136990666389434,0.47180895704585335,-416.0,36.0,-0.3820110261440277,0.09541586768627167,0.3089944869279862,0.5389843001961707,0.48136990666389434,0.37920715227723134,0.3718623636224918,689.0,36.0,-0.40088149905204773,0.08198237001895904,0.2995592504739759,0.37920715227723134,0.37920715227723134,0.26990873068571086,0.26173800259403374,188.5,35.0,0.008707371540367603,0.09017414743080734,0.5043536857701835,0.2829537676880138,0.26990873068571086,0.36641146406531344,0.3657587548638132,260.0,36.0,-0.34643176198005676,0.08307136476039886,0.32678411900997145,0.36641146406531344,0.36641146406531344,0.39456698507070564,0.38864728770885787,617.5,36.0,-0.3512430787086487,0.08297513842582702,0.32437846064567527,0.39456698507070564,0.39456698507070564
2026-07-03T16:24:48.420,5.670719082932919,step_31,2002.0,36.0,policy_affine,0.6454974412918091,0.6291599908445868,611.0,35.0,0.29099488258361816,0.9536964178085328,0.6454974412918091,0.6454974412918091,0.6454974412918091,0.36243237644433973,0.3288166628519112,2002.0,35.0,-0.22432376444339752,0.03432702870666981,0.3878381177783014,0.36243237644433973,0.36243237644433973,0.5363699066638944,0.5207904173342489,-1085.5,36.0,-0.4923724830150604,0.09409153020381927,0.25381375849246984,0.5820252683758735,0.5363699066638944,0.37173056602478044,0.3697261005569543,169.0,35.0,-0.3690662384033203,0.08261867523193359,0.3154668807983395,0.37173056602478044,0.37173056602478044,0.29006537400186067,0.2840009155413138,526.5,36.0,-0.02155478298664093,0.08956890434026718,0.4892226085066794,0.29006537400186067,0.29006537400186067,0.3580456726253033,0.3566186007476921,338.0,35.0,-0.3108326494693756,0.08378334701061249,0.34458367526531214,0.3580456726253033,0.3580456726253033,0.399657351523638,0.3932249942778668,858.0,36.0,-0.37120530009269714,0.08257589399814605,0.3143973499536511,0.399657351523638,0.399657351523638
2026-07-03T16:24:48.511,5.761554749915376,step_32,1287.0,37.0,policy_affine,0.575497441291809,0.579949645227741,-13.0,35.0,-0.24433709681034088,0.5789640322327614,0.37783145159482956,0.37783145159482956,0.575497441291809,0.3728268676996231,0.3457236591134508,1287.0,35.0,-0.3282686769962311,0.03401519396901131,0.3358656615018846,0.3728268676996231,0.3728268676996231,0.4813699066638944,0.48119325551232167,-370.5,37.0,-0.16934184730052948,0.09796789783239365,0.4153290763497356,0.45604332044720625,0.4813699066638944,0.31673056602478045,0.31787594415197984,266.5,36.0,0.035434797406196594,0.09070869594812393,0.5177173987030982,0.27667282260954384,0.31673056602478045,0.34506537400186066,0.3364766918440528,305.5,36.0,-0.6928247809410095,0.07614350438117981,0.15358760952949513,0.4478138235211373,0.34506537400186066,0.3971384145319462,0.3889524681467918,630.5,35.0,-0.4771847426891327,0.08045630514621735,0.2614076286554336,0.3971384145319462,0.3971384145319462,0.3961080987751485,0.39291981383993285,208.0,36.0,-0.357286661863327,0.08285426676273346,0.32135666906833626,0.3961080987751485,0.3961080987751485
2026-07-03T16:24:48.602,5.852671499946155,step_33,1131.0,37.0,policy_affine,0.5890436843037605,0.5896238651102464,19.5,35.0,0.17808736860752106,0.8746611580252648,0.5890436843037605,0.5890436843037605,0.5890436843037605,0.40830192804336546,0.38290989547570004,1131.0,35.0,-0.6830192804336548,0.03295094215869904,0.15849035978317277,0.40830192804336546,0.40830192804336546,0.4263699066638944,0.4278477149614709,-435.5,37.0,0.2742684483528137,0.10329122138023376,0.6371342241764069,0.28303530514240266,0.4263699066638944,0.2825103872129695,0.28247501335164416,312.0,36.0,0.010594096966087818,0.09021188193932175,0.5052970484830437,0.2825103872129695,0.2825103872129695,0.3969936512410641,0.38864728770885787,279.5,36.0,-0.47656872868537903,0.08046862542629242,0.2617156356573104,0.3969936512410641,0.3969936512410641,0.4410337048768998,0.4307469291218433,760.5,35.0,-0.6639732122421265,0.07672053575515747,0.16801339387893663,0.4410337048768998,0.4410337048768998,0.4013411627709867,0.39627679865720605,572.0,36.0,-0.37780848145484924,0.08244383037090301,0.3110957592725752,0.4013411627709867,0.4013411627709867
2026-07-03T16:24:48.688,5.938773416914046,step_34,1124.5,37.0,policy_affine,0.5403808690607548,0.5483176928358893,-247.0,35.0,0.08076173812150955,0.8065332166850567,0.5403808690607548,0.5403808690607548,0.5403808690607548,0.4188943886756896,0.39897764553292137,845.0,35.0,-0.788943886756897,0.03263316833972931,0.10552805662155179,0.4188943886756896,0.4188943886756896,0.3713699066638944,0.37280842298008693,-299.0,37.0,0.1797894388437271,0.10215747326612473,0.5898947194218639,0.3198821188509462,0.3713699066638944,0.2919576611556113,0.2861371786068513,695.5,36.0,-0.029607068747282028,0.08940785862505436,0.485196465626359,0.2919576611556113,0.2919576611556113,0.3474685886502266,0.34776836804760813,416.0,36.0,-0.2658237814903259,0.08468352437019348,0.367088109254837,0.3474685886502266,0.3474685886502266,0.4677391353249551,0.4569771877622644,1124.5,35.0,-0.7776133418083191,0.07444773316383362,0.11119332909584023,0.4677391353249551,0.4677391353249551,0.419100467413664,0.4127412832837415,591.5,36.0,-0.4474528133869171,0.08105094373226165,0.2762735933065412,0.419100467413664,0.419100467413664
2026-07-03T16:24:48.779,6.029420957900584,step_35,1254.5,37.0,policy_affine,0.5010420311009511,0.5087815671015488,-195.0,35.0,0.0020840622019022703,0.7514588435413316,0.5010420311009511,0.5010420311009511,0.5010420311009511,0.39119356513023357,0.3862973983367667,156.0,35.0,-0.5119356513023376,0.033464193046092994,0.24403217434883223,0.39119356513023357,0.39119356513023357,0.3163699066638944,0.31711299305714497,-474.5,37.0,0.29714447259902954,0.10356573367118836,0.6485722362995151,0.27411365568637824,0.3163699066638944,0.32291117019951354,0.3154345006485084,676.0,36.0,-0.1613241285085678,0.08677351742982864,0.4193379357457159,0.32291117019951354,0.32291117019951354,0.2924685886502266,0.29315632867933167,422.5,36.0,-0.013776099309325218,0.08972447801381349,0.4931119503453371,0.28823738333769156,0.2924685886502266,0.46718539297580736,0.458808270389868,1254.5,36.0,-0.7752569913864136,0.07449486017227172,0.11237150430679287,0.46718539297580736,0.46718539297580736,0.42864057749509826,0.4231174181734951,669.5,36.0,-0.4848650097846985,0.08030269980430603,0.2575674951076506,0.42864057749509826,0.42864057749509826
2026-07-03T16:24:48.870,6.120728207984939,step_36,747.5,37.0,policy_affine,0.5710420311009512,0.5676508735790036,-19.5,35.0,0.23181593418121338,0.9122711539268493,0.6159079670906067,0.6159079670906067,0.5710420311009512,0.4018892133235931,0.3913633936064698,110.5,35.0,-0.6188921332359314,0.03314332360029221,0.19055393338203447,0.4018892133235931,0.4018892133235931,0.2613699066638944,0.26207370107576106,-266.5,37.0,0.36216306686401367,0.10434595680236818,0.6810815334320073,0.24875640392303433,0.2613699066638944,0.32691073410213,0.32030212863355456,747.5,36.0,-0.17834354937076569,0.08643312901258468,0.41082822531461693,0.32691073410213,0.32691073410213,0.23746858865022663,0.237949187457084,487.5,36.0,0.23966103792190552,0.0947932207584381,0.6198305189609524,0.22867965608835233,0.23746858865022663,0.43174641489982624,0.4307469291218433,455.0,36.0,-0.6244528293609619,0.07751094341278075,0.18777358531951868,0.43174641489982624,0.43174641489982624,0.43478585094213507,0.42983138780804153,435.5,36.0,-0.5089641213417053,0.07982071757316589,0.2455179393291471,0.43478585094213507,0.43478585094213507
2026-07-03T16:24:48.961,6.2115192079218104,step_37,474.5,37.0,policy_affine,0.6410420311009513,0.637949187457084,-156.0,35.0,0.5072857141494751,1.1050999999046325,0.7536428570747375,0.7536428570747375,0.6410420311009513,0.35913494020700454,0.35840390630960556,104.0,35.0,-0.19134940207004547,0.034425951793789863,0.40432529896497726,0.35913494020700454,0.35913494020700454,0.2104868593811986,0.2110627908751049,-474.5,37.0,0.4602901041507721,0.10552348124980927,0.7301450520753864,0.2104868593811986,0.2104868593811986,0.30389164973050364,0.3023117418173495,240.5,36.0,-0.08038999885320663,0.08839220002293587,0.45980500057339657,0.30389164973050364,0.30389164973050364,0.18246858865022664,0.18394750896467538,292.5,36.0,0.43712320923805237,0.09874246418476104,0.718561604619026,0.18227604582905782,0.18246858865022664,0.4060241982340813,0.4048065918974594,240.5,36.0,-0.5149965882301331,0.07970006823539734,0.24250170588493336,0.4060241982340813,0.4060241982340813,0.41898371487855934,0.41823453116655224,143.0,36.0,-0.44699496030807495,0.08106010079383849,0.27650251984596214,0.41898371487855934,0.41898371487855934
2026-07-03T16:24:49.048,6.2982513749739155,step_38,279.5,37.0,policy_affine,0.7110420311009513,0.7091325246051728,-39.0,35.0,0.9457553625106812,1.4120287537574767,0.9728776812553406,0.9728776812553406,0.7110420311009513,0.31790221422910675,0.3169756618600748,130.0,35.0,0.22097785770893097,0.0356629335731268,0.6104889288544662,0.31790221422910675,0.31790221422910675,0.26461832284927356,0.2593881132219425,52.0,37.0,0.3214914798736572,0.10385789775848389,0.6607457399368288,0.26461832284927356,0.26461832284927356,0.29626672137528665,0.2946822308690013,182.0,36.0,-0.04794349521398544,0.08904113009572029,0.4760282523930071,0.29626672137528665,0.29626672137528665,0.14777434527874,0.1479514763103685,279.5,36.0,0.5839389562606812,0.10167877912521361,0.7919694781303404,0.14777434527874,0.14777434527874,0.4035246607661248,0.40236514839398796,156.0,36.0,-0.5043602585792542,0.07991279482841492,0.24781987071037276,0.4035246607661248,0.4035246607661248,0.40091538041830077,0.40022888532845047,208.0,36.0,-0.37613874673843384,0.08247722506523132,0.3119306266307829,0.40091538041830077,0.40091538041830077
2026-07-03T16:24:49.135,6.3857760418904945,step_39,318.5,37.0,policy_affine,0.7810420311009514,0.7759212634470132,-13.0,35.0,0.8821759223937988,1.3675231456756591,0.9410879611968994,0.9410879611968994,0.7810420311009514,0.3215534248948096,0.31613641565575645,188.5,35.0,0.18446575105190277,0.03555339725315571,0.592232875525952,0.3215534248948096,0.3215534248948096,0.31961832284927355,0.31241321431296254,-169.0,37.0,-0.030011862516403198,0.09963985764980317,0.48499406874179873,0.401704626381397,0.31961832284927355,0.2761502626724542,0.2751659418631266,227.5,36.0,0.0376584567129612,0.09075316913425922,0.5188292283564805,0.2761502626724542,0.2761502626724542,0.15171046406030664,0.14856183718623636,318.5,36.0,0.5671895146369934,0.10134379029273986,0.7835947573184965,0.15171046406030664,0.15171046406030664,0.4041892552375794,0.40236514839398796,227.5,36.0,-0.5071883201599121,0.07985623359680176,0.24640583992004386,0.4041892552375794,0.4041892552375794,0.3870309102535249,0.3855954833295186,182.0,36.0,-0.3216898441314697,0.0835662031173706,0.339155077934265,0.3870309102535249,0.3870309102535249
2026-07-03T16:24:49.223,6.473553832969628,step_40,1475.5,37.0,policy_affine,0.7110420311009513,0.7214312962539101,-97.5,35.0,0.33527281880378723,0.9846909731626511,0.6676364094018936,0.6676364094018936,0.7110420311009513,0.35056155785918225,0.3220569161516747,1475.5,35.0,-0.10561557859182358,0.03468315326422453,0.44719221070408877,0.35056155785918225,0.35056155785918225,0.37461832284927354,0.3610589761196307,-825.5,37.0,-0.2581794261932373,0.09690184688568115,0.37091028690338146,0.4906899762153625,0.37461832284927354,0.3311502626724542,0.3215228503852903,273.0,36.0,-0.24473847448825836,0.08510523051023483,0.37763076275587065,0.3425135415047408,0.3311502626724542,0.16009912908077245,0.15558098725871672,448.5,36.0,0.531493067741394,0.10062986135482788,0.7657465338706969,0.16009912908077245,0.16009912908077245,0.4182223439216615,0.41213092240787363,604.5,36.0,-0.5669035911560059,0.07866192817687988,0.21654820442199682,0.4182223439216615,0.4182223439216615,0.3647058124095204,0.36423285267414357,344.5,36.0,-0.23414044082164764,0.08531719118356704,0.38292977958917584,0.3647058124095204,0.3647058124095204
2026-07-03T16:24:49.313,6.5630749999545515,step_41,877.5,37.0,policy_affine,0.6607440561056137,0.6660715648126954,-32.5,35.0,0.3214881122112274,0.9750416785478592,0.6607440561056137,0.6607440561056137,0.6607440561056137,0.3416893332824109,0.3220569161516747,877.5,35.0,-0.016893332824110985,0.03494932000152767,0.4915533335879455,0.3416893332824109,0.3416893332824109,0.42961832284927354,0.41911955443656057,-383.5,37.0,-0.46763360500335693,0.09438839673995972,0.2661831974983217,0.5723771059513091,0.42961832284927354,0.3613659346103669,0.3535667963683528,468.0,36.0,-0.32496142387390137,0.08350077152252197,0.33751928806304915,0.3613659346103669,0.3613659346103669,0.21509912908077244,0.2077363241016251,136.5,36.0,0.2814067304134369,0.09562813460826873,0.6407033652067182,0.21886941835284246,0.21509912908077244,0.3869782656431199,0.38620584420538645,279.5,36.0,-0.4339500665664673,0.08132099866867065,0.2830249667167662,0.3869782656431199,0.3869782656431199,0.3688429430127145,0.3648432135500114,494.0,36.0,-0.2503644824028015,0.08499271035194397,0.37481775879859924,0.3688429430127145,0.3688429430127145
2026-07-03T16:24:49.401,6.651593416929245,step_42,1287.0,37.0,policy_affine,0.6098943948745728,0.6159914549477379,-32.5,35.0,0.2197887897491455,0.9038521528244019,0.6098943948745728,0.6098943948745728,0.6098943948745728,0.35340361833572376,0.3271229114213779,1287.0,35.0,-0.13403618335723877,0.03459789144992829,0.4329819083213813,0.35340361833572376,0.35340361833572376,0.48461832284927353,0.47516594186312655,-383.5,37.0,-0.3846142888069153,0.09538462853431702,0.30769285559654264,0.5399995726346968,0.48461832284927353,0.37750769987702376,0.3703364614328222,773.5,36.0,-0.39364978671073914,0.08212700426578522,0.3031751066446303,0.37750769987702376,0.37750769987702376,0.27009912908077244,0.26204318303196766,357.5,36.0,-5.150516517460346e-05,0.0899989698966965,0.4999742474174126,0.2850121037138161,0.27009912908077244,0.37220915332436566,0.37094682230869,208.0,36.0,-0.37110278010368347,0.08257794439792633,0.31444860994815815,0.37220915332436566,0.37220915332436566,0.38664366543293005,0.3807125963225757,565.5,36.0,-0.3201712369918823,0.08359657526016236,0.3399143815040588,0.38664366543293005,0.38664366543293005
2026-07-03T16:24:49.488,6.737944791908376,step_43,2093.0,37.0,policy_affine,0.6439529061317444,0.6291599908445868,494.0,35.0,0.28790581226348877,0.9515340685844421,0.6439529061317444,0.6439529061317444,0.6439529061317444,0.3633534559607505,0.3288166628519112,2093.0,35.0,-0.2335345596075058,0.03429939632117748,0.3832327201962472,0.3633534559607505,0.3633534559607505,0.5396183228492736,0.5241474021515221,-1371.5,37.0,-0.49972063302993774,0.09400335240364076,0.25013968348503174,0.5848910468816753,0.5396183228492736,0.37298542633652704,0.37003128099488825,266.5,36.0,-0.3744060695171356,0.08251187860965728,0.31279696524143186,0.37298542633652704,0.37298542633652704,0.2873400345584379,0.28125429159990845,539.5,36.0,-0.009957593865692616,0.08980084812268614,0.49502120306715347,0.2873400345584379,0.2873400345584379,0.35894387736916544,0.3578393224994278,130.0,36.0,-0.31465479731559753,0.08370690405368805,0.3426726013422012,0.35894387736916544,0.35894387736916544,0.4049054399132731,0.39627679865720605,1254.5,36.0,-0.39178603887557983,0.0821642792224884,0.30410698056220975,0.4049054399132731,0.4049054399132731
2026-07-03T16:24:49.578,6.828487582970411,step_44,1358.5,37.0,policy_affine,0.5739529061317443,0.5773250934615091,-13.0,35.0,-0.22281943261623383,0.5940263971686364,0.3885902836918831,0.3885902836918831,0.5739529061317443,0.3759928280115127,0.3474174105439841,1358.5,35.0,-0.35992828011512756,0.03392021515965462,0.32003585994243655,0.3759928280115127,0.3759928280115127,0.4846183228492736,0.4845502403295949,-188.5,37.0,-0.18525494635105133,0.09777694064378739,0.4073725268244747,0.46224942907690975,0.4846183228492736,0.31798542633652704,0.31818112458991377,403.0,36.0,-0.00010226108133792877,0.08999795477837323,0.4999488694593307,0.2850240313541146,0.31798542633652704,0.34234003455843787,0.3343404287785153,442.0,36.0,-0.6833041310310364,0.07633391737937927,0.15834793448448148,0.44557647079229373,0.34234003455843787,0.39537450149655357,0.38834210727092394,864.5,36.0,-0.46967872977256775,0.08060642540454864,0.26516063511371585,0.39537450149655357,0.39537450149655357,0.40010693579912193,0.3956664377813382,565.5,36.0,-0.3729683756828308,0.08254063248634338,0.3135158121585845,0.40010693579912193,0.40010693579912193
2026-07-03T16:24:49.667,6.917774416971952,step_45,864.5,37.0,policy_affine,0.5039529061317443,0.5122911421377889,-175.5,35.0,-0.026018716394901276,0.7317868985235692,0.4869906418025494,0.4869906418025494,0.5039529061317443,0.4187181735038756,0.3947508964675364,864.5,35.0,-0.7871817350387573,0.03263845479488373,0.106409132480622,0.4187181735038756,0.4187181735038756,0.4296183228492736,0.4301976043335622,-312.0,37.0,0.24903978407382965,0.10298847740888596,0.624519892036915,0.29287448421120627,0.4296183228492736,0.26298542633652705,0.2635690852216373,442.0,36.0,0.1692914366722107,0.09338582873344421,0.5846457183361052,0.24521651238203052,0.26298542633652705,0.39734003455843786,0.38956282902265965,637.0,36.0,-0.4919499158859253,0.08016100168228149,0.25402504205703713,0.4006082302331926,0.39734003455843786,0.45037450149655356,0.4408026245517662,617.5,36.0,-0.7261096835136414,0.07547780632972717,0.13694515824317913,0.45563577562570584,0.45037450149655356,0.4024041025340558,0.39749752040894176,591.5,36.0,-0.3819768726825714,0.08236046254634857,0.3090115636587142,0.4024041025340558,0.4024041025340558
2026-07-03T16:24:49.758,7.008424416999333,step_46,728.0,37.0,policy_affine,0.5739529061317443,0.5641412985427634,6.5,35.0,0.22953510284423828,0.9106745719909668,0.6147675514221191,0.6147675514221191,0.5739529061317443,0.42400458693504334,0.40320439459830626,728.0,35.0,-0.8400458693504333,0.0324798623919487,0.0799770653247834,0.42400458693504334,0.42400458693504334,0.41484033174812773,0.41408407721065077,-91.0,37.0,-0.06369315832853317,0.0992356821000576,0.4681534208357337,0.41484033174812773,0.41484033174812773,0.26992801584303394,0.26417944609750516,611.0,36.0,0.06413610279560089,0.09128272205591201,0.5320680513978001,0.26992801584303394,0.26992801584303394,0.34234003455843787,0.34258030060273137,409.5,36.0,-0.19187188148498535,0.08616256237030029,0.4040640592575071,0.33008989214897166,0.34234003455843787,0.4353498512506486,0.4341039139391165,182.0,36.0,-0.6397866010665894,0.07720426797866821,0.18010669946670507,0.4353498512506486,0.4353498512506486,0.4149022474884988,0.4093842984664683,643.5,36.0,-0.43098920583724976,0.081380215883255,0.28450539708137496,0.4149022474884988,0.4149022474884988
2026-07-03T16:24:49.848,7.098806666908786,step_47,1313.0,37.0,policy_affine,0.6439529061317444,0.6168612191958496,1215.5,35.0,0.32582932710647583,0.9780805289745331,0.6629146635532379,0.6629146635532379,0.6439529061317444,0.43045706391334515,0.4065918974593729,1118.0,35.0,-0.9045706391334534,0.032286288082599646,0.04771468043327418,0.43045706391334515,0.43045706391334515,0.42916526086628426,0.4218051422903792,-682.5,37.0,-0.10042374581098557,0.09879491505026818,0.4497881270945074,0.42916526086628426,0.42916526086628426,0.28994048983789983,0.283085374227512,689.0,36.0,-0.021023361012339592,0.08957953277975321,0.48948831949383015,0.28994048983789983,0.28994048983789983,0.2873400345584379,0.2876630807965209,435.5,36.0,0.02662620134651661,0.09053252402693032,0.513313100673258,0.27874284268356875,0.2873400345584379,0.4379759287834168,0.4341039139391165,513.5,36.0,-0.6509613990783691,0.07698077201843262,0.17451930046081535,0.4379759287834168,0.4379759287834168,0.4398723340034487,0.4304417486839094,1313.0,36.0,-0.5289111137390137,0.07942177772521972,0.23554444313049278,0.4398723340034487,0.4398723340034487
2026-07-03T16:24:49.937,7.187396749970503,step_48,1527.5,37.0,policy_affine,0.6791832149028778,0.652018005645838,994.5,35.0,0.3583664298057556,1.0008565008640289,0.6791832149028778,0.6791832149028778,0.6791832149028778,0.4280295455455779,0.4065918974593729,910.0,35.0,-0.88029545545578,0.03235911363363266,0.05985227227211025,0.4280295455455779,0.4280295455455779,0.37935924578458036,0.37985809109636065,-221.0,37.0,0.027283985167741776,0.10032740782201291,0.5136419925838713,0.37935924578458036,0.37935924578458036,0.23494048983789984,0.2355077439536126,448.5,36.0,0.3130337595939636,0.09626067519187927,0.6565168797969816,0.21143706649541866,0.23494048983789984,0.26435806263238204,0.2635690852216373,247.0,36.0,0.08783803135156631,0.09175676062703132,0.5439190156757829,0.26435806263238204,0.26435806263238204,0.46340758234262475,0.4530098420691233,1527.5,36.0,-0.7591812014579773,0.07481637597084045,0.1204093992710112,0.46340758234262475,0.46340758234262475,0.4201597061753275,0.419150072480354,117.0,36.0,-0.4516066908836365,0.08096786618232726,0.2741966545581815,0.4201597061753275,0.4201597061753275
2026-07-03T16:24:50.026,7.275832457933575,step_49,2769.0,37.0,policy_affine,0.6503265351057053,0.6467383840695811,156.0,35.0,0.3006530702114105,0.9604571491479874,0.6503265351057053,0.6503265351057053,0.6503265351057053,0.4196737551689148,0.4048981460288396,604.5,35.0,-0.796737551689148,0.032609787344932556,0.1016312241554259,0.4196737551689148,0.4196737551689148,0.43435924578458035,0.4201266498817426,-1183.0,37.0,-0.2212914675474167,0.097344502389431,0.38935426622629177,0.4763036723434924,0.43435924578458035,0.17994048983789984,0.18059052414740215,598.0,36.0,0.6265906095504761,0.10253181219100951,0.8132953047752378,0.13775120675563823,0.17994048983789984,0.31212019443511974,0.30566872663462274,188.5,36.0,-0.11540508270263672,0.08769189834594726,0.4422974586486814,0.31212019443511974,0.31212019443511974,0.5026226902008059,0.4832074464026856,2769.0,36.0,-0.9260540008544922,0.07147891998291014,0.03697299957275344,0.5026226902008059,0.5026226902008059,0.3911488784849646,0.39078355077439536,318.5,36.0,-0.337838739156723,0.08324322521686553,0.3310806304216381,0.3911488784849646,0.3911488784849646
2026-07-03T16:24:50.115,7.365498541970737,step_50,3159.0,37.0,policy_affine,0.5803265351057052,0.5825894560158694,39.0,35.0,-0.09911409765481949,0.6806201316416264,0.45044295117259026,0.45044295117259026,0.5803265351057052,0.40493684649467465,0.3888303959716182,682.5,35.0,-0.6493684649467468,0.03305189460515976,0.17531576752662675,0.40493684649467465,0.40493684649467465,0.48935924578458034,0.4738231479362172,-825.5,37.0,-0.34216412901878357,0.09589403045177461,0.3289179354906088,0.5234440103173251,0.48935924578458034,0.166100943684578,0.16533150225070573,182.0,36.0,0.5059534311294556,0.10011906862258911,0.7529767155647277,0.166100943684578,0.166100943684578,0.36712019443511973,0.3578393224994278,130.0,36.0,-0.3641180992126465,0.08271763801574707,0.31794095039367654,0.37056775331497205,0.36712019443511973,0.506522558629513,0.48503852903028916,3159.0,36.0,-0.9426491856575012,0.07114701628684997,0.028675407171249032,0.506522558629513,0.506522558629513,0.4002071136236192,0.3944457160296025,643.5,36.0,-0.3733612298965454,0.08253277540206909,0.31331938505172713,0.4002071136236192,0.4002071136236192
2026-07-03T16:24:50.206,7.456214957986958,step_51,2983.5,37.0,policy_affine,0.5103265351057051,0.5193255512321661,-214.5,35.0,-0.025022419169545174,0.7324843065813184,0.4874887904152274,0.4874887904152274,0.5103265351057051,0.4299275422096251,0.40573739223315786,955.5,35.0,-0.8992754220962524,0.03230217373371125,0.05036228895187457,0.4299275422096251,0.4299275422096251,0.43435924578458035,0.4342259861142901,-390.0,37.0,0.3211551308631897,0.10385386157035828,0.660577565431595,0.264749498963356,0.43435924578458035,0.1990851439535618,0.19310292210269323,344.5,36.0,0.36559513211250305,0.09731190264225006,0.6827975660562515,0.1990851439535618,0.1990851439535618,0.3805079068243505,0.3739986266880293,767.0,36.0,-0.4064166247844696,0.0818716675043106,0.2967916876077649,0.3805079068243505,0.3805079068243505,0.5089397063851357,0.4874799725337605,2983.5,36.0,-0.9529349207878113,0.07094130158424378,0.023532539606094253,0.5089397063851357,0.5089397063851357,0.41451016932725926,0.4084687571526665,676.0,36.0,-0.4294516444206238,0.08141096711158752,0.28527417778968783,0.41451016932725926,0.41451016932725926
2026-07-03T16:24:50.297,7.546902957954444,step_52,1391.0,37.0,policy_affine,0.5440345481038094,0.5430533302815289,6.5,35.0,0.08806909620761871,0.8116483673453331,0.5440345481038094,0.5440345481038094,0.5440345481038094,0.43718898534774764,0.4175783932249943,851.5,35.0,-0.971889853477478,0.03208433043956757,0.01405507326126173,0.43718898534774764,0.43718898534774764,0.37935924578458036,0.380193789578088,-344.5,37.0,0.417239248752594,0.10500687098503113,0.708619624376297,0.22727669298648834,0.37935924578458036,0.2333542952686548,0.22665751125352862,468.0,36.0,0.2197689563035965,0.09439537912607193,0.6098844781517982,0.2333542952686548,0.2333542952686548,0.35747327983379384,0.35600823987182423,266.5,36.0,-0.30839693546295166,0.08383206129074096,0.34580153226852384,0.35747327983379384,0.35747327983379384,0.4971273860335351,0.4874799725337605,1391.0,36.0,-0.9026697278022766,0.07194660544395447,0.04866513609886152,0.4971273860335351,0.4971273860335351,0.4245644222199919,0.4176241702906844,851.5,36.0,-0.4688800871372223,0.08062239825725555,0.2655599564313886,0.4245644222199919,0.4245644222199919
2026-07-03T16:24:50.387,7.637172999908216,step_53,656.5,37.0,policy_affine,0.6140345481038094,0.6080720225833524,32.5,35.0,0.3536068797111511,0.9975248157978058,0.6768034398555756,0.6768034398555756,0.6140345481038094,0.43706689715385416,0.4209506370641642,656.5,35.0,-0.9706689715385437,0.032087993085384375,0.014665514230729116,0.43706689715385416,0.43706689715385416,0.32435924578458036,0.3248187991149767,-318.5,37.0,0.31589749455451965,0.10379076993465425,0.6579487472772604,0.26679997712373693,0.32435924578458036,0.281499545974657,0.273334859235523,461.5,36.0,0.014895549044013023,0.09029791098088026,0.5074477745220064,0.281499545974657,0.281499545974657,0.30247327983379385,0.30292210269321734,500.5,36.0,-0.042010437697172165,0.08915979124605655,0.4789947811514137,0.29487245285883557,0.30247327983379385,0.44212738603353513,0.441718165865568,455.0,36.0,-0.5726041793823242,0.07854791641235351,0.21369791030883756,0.41956198215484636,0.44212738603353513,0.4193319813907149,0.4170138094148165,247.0,36.0,-0.44836071133613586,0.08103278577327727,0.2758196443319317,0.4193319813907149,0.4193319813907149
2026-07-03T16:24:50.474,7.724658374907449,step_54,403.0,37.0,policy_affine,0.5933374986052513,0.5966582742046235,-26.0,35.0,0.18667499721050262,0.8806724980473518,0.5933374986052513,0.5933374986052513,0.5933374986052513,0.41009302973747236,0.40912489509422445,97.5,35.0,-0.7009302973747253,0.03289720910787583,0.14953485131263825,0.41009302973747236,0.41009302973747236,0.26935924578458037,0.271473258564126,-403.0,37.0,0.3515777289867401,0.10421893274784089,0.6757888644933703,0.2528846856951712,0.26935924578458037,0.336499545974657,0.32610055695429924,318.5,36.0,-0.22028517723083496,0.0855942964553833,0.3898574113845824,0.33676701664924624,0.336499545974657,0.24747327983379386,0.24983596551461054,364.0,36.0,0.2567974925041199,0.09513594985008239,0.6283987462520597,0.22465258926153192,0.24747327983379386,0.4196642619371416,0.41823453116655224,299.0,36.0,-0.5730394124984741,0.07853921175003051,0.21348029375076255,0.4196642619371416,0.4196642619371416,0.4089937165379525,0.4081635767147326,162.5,36.0,-0.4078184962272644,0.08184363007545471,0.2960907518863677,0.4089937165379525,0.4089937165379525
2026-07-03T16:24:50.565,7.81546949991025,step_55,786.5,37.0,policy_affine,0.6094448640942574,0.6054474708171206,156.0,35.0,0.2188897281885147,0.9032228097319603,0.6094448640942574,0.6094448640942574,0.6094448640942574,0.41092002630233754,0.40743114366369115,117.0,35.0,-0.7092002630233765,0.032872399210929874,0.14539986848831232,0.41092002630233754,0.41092002630233754,0.23204601287841775,0.23254749370565347,-338.0,37.0,0.4050102233886719,0.10486012268066407,0.7025051116943362,0.23204601287841775,0.23204601287841775,0.34223018504679203,0.33525597009231706,786.5,36.0,-0.2435327023267746,0.08512934595346451,0.37823364883661265,0.34223018504679203,0.34223018504679203,0.19247327983379386,0.194018463416495,331.5,36.0,0.5416112542152405,0.10083222508430481,0.7708056271076202,0.1577213552594185,0.19247327983379386,0.40471691638231294,0.40328068970778974,253.5,36.0,-0.5094336867332458,0.07981132626533508,0.24528315663337674,0.40471691638231294,0.40471691638231294,0.4180696055293085,0.4130464637216754,585.0,36.0,-0.4434102177619934,0.08113179564476013,0.2782948911190031,0.4180696055293085,0.4180696055293085
2026-07-03T16:24:50.655,7.90581604198087,step_56,351.0,37.0,policy_affine,0.6794448640942574,0.6766155489433128,-32.5,35.0,0.5891015529632568,1.1623710870742798,0.7945507764816284,0.7945507764816284,0.6794448640942574,0.36834990918636307,0.36601815823605705,234.0,36.0,-0.2834990918636322,0.03414950272440911,0.35825045406818457,0.36834990918636307,0.36834990918636307,0.1854561996459958,0.1855649652857252,-286.0,37.0,0.5244712829589844,0.10629365539550782,0.7622356414794925,0.1854561996459958,0.1854561996459958,0.3077944649010897,0.3065842679484245,351.0,36.0,-0.09699772298336029,0.0880600455403328,0.4515011385083198,0.3077944649010897,0.3077944649010897,0.1572481536865235,0.15680170901045243,175.5,36.0,0.5436248779296875,0.10087249755859375,0.7718124389648436,0.1572481536865235,0.1572481536865235,0.39947273135185246,0.39841306172274354,169.0,36.0,-0.4871180057525635,0.08025763988494873,0.25644099712371815,0.39947273135185246,0.39947273135185246,0.437297044992447,0.431967650873579,351.0,36.0,-0.5188119411468506,0.07962376117706299,0.24059402942657462,0.437297044992447,0.437297044992447
2026-07-03T16:24:50.743,7.99348324991297,step_57,201.5,37.0,policy_affine,0.7494448640942575,0.7469138628213932,-162.5,35.0,0.9395692944526672,1.407698506116867,0.9697846472263336,0.9697846472263336,0.7494448640942575,0.32144181370735164,0.3203631647211414,188.5,35.0,0.18558186292648315,0.03555674558877945,0.5927909314632417,0.32144181370735164,0.32144181370735164,0.2404561996459958,0.23489738307774471,-19.5,37.0,0.28776609897613525,0.10345319318771364,0.6438830494880682,0.2777712213993069,0.2404561996459958,0.29750170212239035,0.295902952620737,123.5,36.0,-0.05319873243570328,0.08893602535128593,0.47340063378214825,0.29750170212239035,0.29750170212239035,0.14237231433391578,0.14184786755168993,110.5,36.0,0.6069263219833374,0.10213852643966674,0.8034631609916685,0.14237231433391578,0.14237231433391578,0.3975378547608853,0.39658197909514,156.0,36.0,-0.4788844883441925,0.08042231023311615,0.2605577558279036,0.3975378547608853,0.3975378547608853,0.41829934880137465,0.4179293507286183,201.5,36.0,-0.4443111717700958,0.08111377656459808,0.27784441411495175,0.41829934880137465,0.41829934880137465
2026-07-03T16:24:50.835,8.085001249914058,step_58,812.5,38.0,policy_affine,0.8194448640942575,0.8101930266269932,52.0,36.0,0.8740890026092529,1.361862301826477,0.9370445013046265,0.9370445013046265,0.8194448640942575,0.31969951182603823,0.31360341802090486,344.5,36.0,0.2030048817396164,0.03560901464521885,0.6015024408698088,0.31969951182603823,0.31969951182603823,0.2954561996459958,0.28757152666514074,-403.0,38.0,-0.015339110046625137,0.0998159306794405,0.4923304449766876,0.3959822529181837,0.2954561996459958,0.27567525593563913,0.27455558098725874,208.0,36.0,0.03967976197600365,0.09079359523952008,0.5198398809880018,0.27567525593563913,0.27567525593563913,0.15335918277502059,0.14917219806210422,390.0,36.0,0.5601736903190613,0.10120347380638123,0.7800868451595306,0.15335918277502059,0.15335918277502059,0.40536407202482244,0.3993286030365454,812.5,36.0,-0.5121875405311584,0.07975624918937682,0.2439062297344204,0.40536407202482244,0.40536407202482244,0.4036323942244054,0.4026703288319219,195.0,36.0,-0.38679370284080505,0.0822641259431839,0.30660314857959736,0.4036323942244054,0.4036323942244054
2026-07-03T16:24:50.922,8.172646207967773,step_59,1449.5,38.0,policy_affine,0.7494448640942575,0.7715266651407646,-890.5,35.0,0.34987714886665344,0.9949140042066574,0.6749385744333267,0.6749385744333267,0.7494448640942575,0.34444052554666993,0.3169756618600748,1365.0,35.0,-0.0444052554666996,0.0348667842335999,0.4777973722666502,0.34444052554666993,0.34444052554666993,0.3504561996459958,0.3338826581216144,-1449.5,38.0,-0.2739303708076477,0.09671283555030823,0.3630348145961762,0.49683284461498256,0.3504561996459958,0.3306752559356391,0.32030212863355456,708.5,36.0,-0.23902107775211334,0.08521957844495773,0.3804894611239431,0.3411699532717467,0.3306752559356391,0.16173272013664258,0.15741206988632028,390.0,36.0,0.5245416164398193,0.10049083232879638,0.7622708082199094,0.16173272013664258,0.16173272013664258,0.41964895218610776,0.4130464637216754,799.5,36.0,-0.5729742646217346,0.0785405147075653,0.21351286768913247,0.41964895218610776,0.41964895218610776,0.3776732663810255,0.3773556115053025,318.5,36.0,-0.2849932014942169,0.08430013597011565,0.3575033992528912,0.3776732663810255,0.3776732663810255
2026-07-03T16:24:51.009,8.258909999975003,step_60,2873.0,37.0,policy_affine,0.6794448640942574,0.75043869687953,-2873.0,36.0,0.2870274484157562,0.9509192138910294,0.6435137242078781,0.6435137242078781,0.6794448640942574,0.3418873259425161,0.31021591515983826,2067.0,35.0,-0.01887325942516327,0.03494338022172452,0.4905633702874195,0.3418873259425161,0.3418873259425161,0.4054561996459958,0.37717250324254215,-2561.0,37.0,-0.4854713976383209,0.09417434322834016,0.25726430118084015,0.5793338450789447,0.4054561996459958,0.35838820204138766,0.34929427023727777,754.0,36.0,-0.312290221452713,0.08375419557094574,0.3438548892736433,0.35838820204138766,0.35838820204138766,0.21368470042943966,0.20651560234988936,130.0,37.0,0.30346935987472534,0.0960693871974945,0.6517346799373624,0.21368470042943966,0.21368470042943966,0.3856208874285223,0.3846799420157168,305.5,36.0,-0.4281739890575409,0.08143652021884917,0.2859130054712292,0.3856208874285223,0.3856208874285223,0.3629870088398458,0.3620965896086061,169.0,36.0,-0.2274000346660614,0.08545199930667877,0.3862999826669691,0.3629870088398458,0.3629870088398458
2026-07-03T16:24:51.096,8.346558707999066,step_61,4537.0,38.0,policy_affine,0.6094448640942574,0.7328603036545357,-4537.0,35.0,0.1941102296113968,0.8858771607279777,0.5970551148056984,0.5970551148056984,0.6094448640942574,0.35053292527794827,0.30684367132066837,2554.5,35.0,-0.1053292527794838,0.03468401224166155,0.44733537361025866,0.35053292527794827,0.35053292527794827,0.46045619964599577,0.4211337453269245,-3425.5,38.0,-0.37459999322891235,0.09550480008125306,0.3127000033855443,0.5360939973592754,0.46045619964599577,0.37652736455202107,0.36789501792935075,760.5,36.0,-0.3894781470298767,0.08221043705940247,0.30526092648506153,0.37652736455202107,0.37652736455202107,0.26868470042943965,0.26082246128023195,435.5,37.0,0.008095563389360905,0.09016191126778722,0.5040477816946805,0.2830975426035002,0.26868470042943965,0.3719285282492638,0.37094682230869,247.0,36.0,-0.3699086308479309,0.08260182738304138,0.3150456845760344,0.3719285282492638,0.3719285282492638,0.3777886889874936,0.37247272449835966,546.0,36.0,-0.28544583916664124,0.08429108321666717,0.3572770804166792,0.3777886889874936,0.3777886889874936
