timestamp,elapsed_s,label,max_abs_current_ma,max_temp_c,target_0_thumb_abd,pos_0_thumb_abd,curr_ma_0_thumb_abd,temp_c_0_thumb_abd,target_1_thumb_flex,pos_1_thumb_flex,curr_ma_1_thumb_flex,temp_c_1_thumb_flex,target_2_thumb_tendon,pos_2_thumb_tendon,curr_ma_2_thumb_tendon,temp_c_2_thumb_tendon,target_3_index,pos_3_index,curr_ma_3_index,temp_c_3_index,target_4_middle,pos_4_middle,curr_ma_4_middle,temp_c_4_middle,target_5_ring,pos_5_ring,curr_ma_5_ring,temp_c_5_ring,target_6_pinky,pos_6_pinky,curr_ma_6_pinky,temp_c_6_pinky
2026-07-03T10:43:19.939,1.6377147500170395,initial_rest,234.0,29.0,0.014053559166857405,0.011413748378728923,78.0,29.0,0.0,0.0,234.0,29.0,0.00032043945983062307,0.0,0.0,28.0,0.0,0.0,71.5,27.0,0.000289921416037232,0.0,13.0,27.0,0.0,0.0,123.5,29.0,0.0,0.0,91.0,29.0
2026-07-03T10:43:20.030,1.72826320794411,pregrasp_0,429.0,29.0,0.033715762569619286,0.030746929121843288,78.0,29.0,0.006666666666666666,0.0,429.0,29.0,0.0069604028381780704,0.0063630121309224096,123.5,28.0,0.009999999999999998,0.006088349736781872,377.0,28.0,0.010265761298034129,0.009445334554055084,45.5,27.0,0.009999999999999998,0.0063935301747158006,266.5,29.0,0.009999999999999998,0.007919432364385443,195.0,29.0
2026-07-03T10:43:20.118,1.8163354579592124,pregrasp_1,578.5,29.0,0.05337796597238117,0.04919508659494927,71.5,28.0,0.013333333333333332,0.0,578.5,29.0,0.013600366216525519,0.01206988632028687,-65.0,28.0,0.019999999999999997,0.015243762874799727,474.5,28.0,0.020241601180031023,0.019516289005874723,-19.5,27.0,0.019999999999999997,0.015243762874799727,539.5,29.0,0.019999999999999997,0.017074845502403294,214.5,29.0
2026-07-03T10:43:20.209,1.9072393749374896,pregrasp_2,585.0,29.0,0.07304016937514306,0.07029831387808042,-45.5,29.0,0.02,0.005065995269703212,585.0,29.0,0.020240329594872968,0.018783855954833294,-91.0,28.0,0.03,0.025314717326619364,474.5,27.0,0.030217441062027922,0.02958724345769436,39.0,27.0,0.03,0.02561989776455329,526.5,29.0,0.03,0.027145799954222935,208.0,29.0
2026-07-03T10:43:20.298,1.9963362499838695,pregrasp_3,598.0,29.0,0.09270237277790494,0.08961623559929809,65.0,29.0,0.026666666666666665,0.011825741969939728,598.0,29.0,0.026880292973220414,0.025497825589379724,-117.0,28.0,0.039999999999999994,0.035080491340505074,539.5,28.0,0.040193280944024815,0.03904783703364614,6.5,27.0,0.039999999999999994,0.035385671778439,585.0,29.0,0.039999999999999994,0.03721675440604257,234.0,29.0
2026-07-03T10:43:20.388,2.0870393329532817,pregrasp_4,650.0,29.0,0.11236457618066682,0.10807965209430076,71.5,29.0,0.03333333333333333,0.01858548867017624,604.5,29.0,0.03352025635156786,0.0315403982604715,-169.0,28.0,0.05,0.04452582589456016,578.5,28.0,0.05016912082602172,0.049103532463569084,-19.5,27.0,0.05,0.04483100633249409,650.0,29.0,0.05,0.04666208896009766,247.0,29.0
2026-07-03T10:43:20.479,2.1775110829621553,pregrasp_5,650.0,29.0,0.1320267795834287,0.12916762035553522,52.0,28.0,0.04,0.025345235370412757,520.0,29.0,0.04016021972991531,0.037918669413290605,-58.5,28.0,0.06,0.054901960784313725,598.0,27.0,0.06014496070801861,0.05917448691538872,0.0,27.0,0.06,0.054901960784313725,650.0,29.0,0.06,0.05673304341191729,260.0,29.0
2026-07-03T10:43:20.569,2.2673979999963194,pregrasp_6,663.0,29.0,0.1516889829861906,0.14850080109864958,45.5,29.0,0.04666666666666667,0.032120241092545965,422.5,29.0,0.04680018310826276,0.04428168154421302,-182.0,28.0,0.07,0.06497291523613337,585.0,28.0,0.07012080059001552,0.06802471961547264,123.5,27.0,0.07,0.0652780956740673,663.0,29.0,0.07,0.066498817425803,305.5,29.0
2026-07-03T10:43:20.656,2.3547527079936117,pregrasp_7,676.0,29.0,0.17135118638895247,0.16958876935988404,-71.5,29.0,0.05333333333333333,0.03887998779278248,650.0,29.0,0.053440146486610204,0.05065995269703212,-221.0,28.0,0.07999999999999999,0.07412832837415122,650.0,27.0,0.0800966404720124,0.0771801327534905,227.5,27.0,0.07999999999999999,0.07473868925001907,676.0,29.0,0.07999999999999999,0.07626459143968872,370.5,29.0
2026-07-03T10:43:20.742,2.4408889999613166,pregrasp_8,708.5,29.0,0.19101338979171434,0.18803692683299,45.5,29.0,0.06,0.0439459830624857,643.5,29.0,0.060080109864957654,0.05770962081330587,-247.0,28.0,0.09,0.08418402380407417,637.0,28.0,0.0900724803540093,0.08632028686961166,409.5,27.0,0.09,0.08479438467994202,708.5,29.0,0.09,0.08632028686961166,357.5,29.0
2026-07-03T10:43:20.834,2.5323289160151035,pregrasp_9,669.5,29.0,0.21067559319447624,0.20737010757610438,58.5,28.0,0.06666666666666667,0.05070572976272221,637.0,29.0,0.0667200732433051,0.06408789196612497,-65.0,28.0,0.1,0.0942549782558938,630.5,28.0,0.10004832023600621,0.09578088044556345,214.5,27.0,0.1,0.09456015869382772,669.5,29.0,0.1,0.09608606088349737,455.0,29.0
2026-07-03T10:43:20.925,2.6231243329821154,pregrasp_10,754.0,29.0,0.2303377965972381,0.22758831158922713,52.0,29.0,0.07333333333333333,0.05578698405432213,754.0,29.0,0.07336003662165255,0.07046616311894408,-292.5,28.0,0.10999999999999999,0.10432593270771344,533.0,28.0,0.11002416011800309,0.10554665445944915,481.0,27.0,0.10999999999999999,0.10432593270771344,715.0,29.0,0.10999999999999999,0.10585183489738308,448.5,29.0
2026-07-03T10:43:21.013,2.7112392080016434,pregrasp_11,715.0,29.0,0.25,0.2477912565804532,32.5,29.0,0.08,0.06424048218509193,637.0,29.0,0.08,0.07684443427176318,-305.5,28.0,0.12,0.11439688715953307,715.0,28.0,0.12,0.11592278934920272,416.0,27.0,0.12,0.11439688715953307,702.0,29.0,0.12,0.11561760891126881,487.5,29.0
2026-07-03T10:43:21.170,2.8682463750010356,pregrasp_hold,669.5,29.0,0.25,0.2486762798504616,65.0,29.0,0.08,0.06424048218509193,650.0,29.0,0.08,0.07684443427176318,-312.0,28.0,0.12,0.11439688715953307,669.5,28.0,0.12,0.11592278934920272,448.5,27.0,0.12,0.11500724803540091,669.5,29.0,0.12,0.11592278934920272,494.0,29.0
2026-07-03T10:43:21.258,2.9566915829200298,step_0,598.0,29.0,0.08405355916685742,0.09753566796368354,416.0,29.0,0.055,0.04986648355840391,331.5,29.0,0.055320439459830624,0.05569542992294194,-117.0,28.0,0.055,0.05825894560158694,598.0,28.0,0.05528992141603723,0.060395208667124445,474.5,27.0,0.055,0.05825894560158694,585.0,29.0,0.06,0.06405737392233157,487.5,29.0
2026-07-03T10:43:21.349,3.0472311249468476,step_1,585.0,29.0,0.15405355916685742,0.15025558861676966,-32.5,29.0,0.11,0.092133974212253,585.0,29.0,0.11032043945983062,0.10368505378805219,45.5,28.0,0.11,0.1006637674525063,318.5,28.0,0.11028992141603723,0.10310521095597772,45.5,27.0,0.11,0.10157930876630808,279.5,29.0,0.12,0.1113450827801938,97.5,29.0
2026-07-03T10:43:21.439,3.1378072910010815,step_2,403.0,29.0,0.22405355916685743,0.22143892576485846,-208.0,29.0,0.165,0.1504539559014267,292.5,29.0,0.16532043945983063,0.15973144121461813,-19.5,28.0,0.165,0.15680170901045243,403.0,28.0,0.16528992141603724,0.158632791638056,195.0,27.0,0.165,0.15710688944838636,286.0,29.0,0.18,0.17204547188525215,97.5,29.0
2026-07-03T10:43:21.527,3.2252100409241393,step_3,624.0,29.0,0.29405355916685744,0.28909742885481043,-227.5,29.0,0.22,0.20117494468604563,624.0,29.0,0.22032043945983062,0.2127412832837415,-65.0,28.0,0.22,0.2098725871671626,448.5,28.0,0.22028992141603723,0.21139848935683223,260.0,27.0,0.22,0.21017776760509652,396.5,29.0,0.24,0.23001449607080182,182.0,29.0
2026-07-03T10:43:21.617,3.315127040958032,step_4,474.5,29.0,0.36405355916685744,0.3602807660028992,-26.0,29.0,0.275,0.2569619287403677,474.5,29.0,0.27532043945983065,0.2681162737468528,-364.0,28.0,0.275,0.2644846265354391,455.0,28.0,0.27528992141603725,0.2669260700389105,214.5,27.0,0.275,0.2657053482871748,455.0,29.0,0.3,0.28949416342412454,435.5,29.0
2026-07-03T10:43:21.704,3.402264790958725,step_5,546.0,29.0,0.43405355916685745,0.42969405661097126,-156.0,29.0,0.27885002791881563,0.26710917830167086,351.0,29.0,0.33032043945983064,0.3231403067063401,-84.5,28.0,0.33,0.3194018463416495,546.0,28.0,0.33028992141603725,0.3212176699473564,325.0,27.0,0.33,0.3197070267795834,448.5,29.0,0.36,0.35020981155107955,286.0,29.0
2026-07-03T10:43:21.791,3.489714041003026,step_6,760.5,29.0,0.5040535591668575,0.49999237048905165,-19.5,29.0,0.22385002791881564,0.22230869001297016,175.5,29.0,0.3406956702470779,0.336568245975433,-318.5,28.0,0.33572348095476623,0.32945754177157244,760.5,28.0,0.38528992141603724,0.3761348897535668,357.5,27.0,0.385,0.37582970931563286,435.5,29.0,0.42,0.40999465934233614,565.5,29.0
2026-07-03T10:43:21.879,3.578101582941599,step_7,715.0,29.0,0.5740535591668574,0.570290684367132,-91.0,29.0,0.24376949276775123,0.2358281834134432,234.0,29.0,0.2856956702470779,0.2869001297016861,-390.0,28.0,0.34766143029555674,0.34105439841306173,715.0,28.0,0.44028992141603723,0.43227283131151295,318.5,28.0,0.44,0.4316624704356451,461.5,29.0,0.47413599491119385,0.46613260090028236,474.5,29.0
2026-07-03T10:43:21.966,3.6650665829656646,step_8,650.0,29.0,0.5664419800043106,0.568535896849012,-123.5,29.0,0.2856520876288414,0.26880292973220415,585.0,29.0,0.23069567024707793,0.23321889066910811,-318.5,28.0,0.40266143029555673,0.3913939116502632,513.5,28.0,0.4952899214160372,0.48503852903028916,409.5,27.0,0.48987306952476495,0.4804608224612802,383.5,29.0,0.4805032819509506,0.4752880140383001,650.0,29.0
2026-07-03T10:43:22.058,3.7563004579860717,step_9,617.5,29.0,0.5475298225879669,0.5509575036240177,-39.0,29.0,0.2574380746111274,0.2552681773098344,110.5,29.0,0.17569567024707794,0.17750820172426948,-403.0,28.0,0.4435989379882812,0.43562981612878615,578.5,28.0,0.44028992141603723,0.44202334630350193,396.5,27.0,0.43487306952476495,0.43562981612878615,429.0,29.0,0.48430602848529813,0.4792553597314413,617.5,29.0
2026-07-03T10:43:22.147,3.8451617079554126,step_10,845.0,29.0,0.5218885749578476,0.5272297245746548,-208.0,29.0,0.2561471598222852,0.2535896849011978,117.0,29.0,0.17558596432209017,0.1748226138704509,-45.5,28.0,0.45560299456119535,0.4493476768139163,682.5,28.0,0.38528992141603724,0.38742656595712216,370.5,27.0,0.48987306952476495,0.4810711833371481,364.0,29.0,0.489428099989891,0.4835126268406196,845.0,29.0
2026-07-03T10:43:22.238,3.93631641601678,step_11,650.0,29.0,0.5227343246340752,0.5263599603265431,-130.0,29.0,0.28021802827715875,0.26457618066681926,650.0,29.0,0.23058596432209016,0.22482642862592508,-6.5,28.0,0.43181416094303127,0.4307469291218433,260.0,28.0,0.3900157198309898,0.3855954833295186,487.5,28.0,0.47896501719951623,0.4780346379797055,169.0,29.0,0.43141064941883084,0.43318837262531473,585.0,29.0
2026-07-03T10:43:22.328,4.0270934159634635,step_12,656.5,29.0,0.5334801524877548,0.5333791103990234,26.0,29.0,0.30714423060417173,0.28993667505912873,656.5,29.0,0.28558596432209016,0.2788586251621271,-19.5,28.0,0.4094420477747917,0.40877393759060043,325.0,28.0,0.4450157198309898,0.43562981612878615,338.0,28.0,0.5206475377082824,0.5131151293202105,338.0,29.0,0.44812057018280027,0.4426337071793698,643.5,29.0
2026-07-03T10:43:22.418,4.116691040922888,step_13,416.0,29.0,0.6034801524877549,0.5992828259708552,-97.5,29.0,0.25214423060417174,0.2510414282444495,221.0,29.0,0.33850631713867185,0.3311970702677958,-71.5,28.0,0.38255640938878055,0.38223849851224534,312.0,28.0,0.4806112319231033,0.47284657053482876,364.0,28.0,0.4888466149568558,0.48809033340962843,370.5,29.0,0.4465118438005447,0.4426337071793698,416.0,29.0
2026-07-03T10:43:22.509,4.207768332911655,step_14,773.5,29.0,0.673480152487755,0.6704661631189439,-19.5,29.0,0.19714423060417174,0.1969481956206607,104.0,29.0,0.28541705682873725,0.28589303425650414,-234.0,28.0,0.3485152789857238,0.3474631876096742,292.5,28.0,0.5347651660442352,0.5268329900053407,578.5,28.0,0.5005346715450286,0.49510948348210887,773.5,29.0,0.4167733162641525,0.41609826810101475,208.0,29.0
2026-07-03T10:43:22.600,4.298180082929321,step_15,715.0,29.0,0.7161477327346801,0.7143968871595331,26.0,29.0,0.21546316817402839,0.20793469138628215,234.0,29.0,0.23524826169013976,0.236240177004654,-221.0,28.0,0.3427569543942809,0.34135957885099566,162.5,28.0,0.49461829066276547,0.49388876173037305,312.0,28.0,0.5042995989322662,0.4990768291752498,715.0,29.0,0.4327178329229355,0.42738994430457006,617.5,29.0
2026-07-03T10:43:22.689,4.387427332927473,step_16,780.0,29.0,0.6461477327346801,0.6528877698939497,-78.0,29.0,0.2539464604109526,0.24005493247882811,513.5,29.0,0.18024826169013977,0.18120088502327,-273.0,28.0,0.3977569543942809,0.38956282902265965,461.5,28.0,0.513563072681427,0.5076218814373998,695.5,28.0,0.5045136213302612,0.4990768291752498,780.0,29.0,0.42870808243751524,0.4267795834287022,201.5,29.0
2026-07-03T10:43:22.779,4.4779643749352545,step_17,578.5,29.0,0.57614773273468,0.5825894560158694,78.0,29.0,0.28844587206840516,0.27302967879758905,455.0,29.0,0.12524826169013978,0.126161593041886,-364.0,28.0,0.4412634581327438,0.4341039139391165,539.5,28.0,0.458563072681427,0.458808270389868,578.5,28.0,0.48050886094570155,0.4798657206073091,481.0,29.0,0.4725554049015045,0.46613260090028236,468.0,29.0
2026-07-03T10:43:22.868,4.567093582940288,step_18,695.5,29.0,0.5235511779785156,0.5316243228809033,-52.0,29.0,0.30588019490242,0.28908216983291374,663.0,29.0,0.13463828861713412,0.13186846723125048,-169.0,28.0,0.4715912133455276,0.4643015182726788,656.5,28.0,0.403563072681427,0.40541695277332723,695.5,28.0,0.4596725583076477,0.458503089951934,409.5,29.0,0.4955120205879211,0.48900587472343027,552.5,29.0
2026-07-03T10:43:22.959,4.657444290933199,step_19,539.5,29.0,0.5388340204954147,0.5369039444571603,32.5,29.0,0.337952709197998,0.3212024109254597,448.5,29.0,0.10252478122711181,0.1023422598611429,-214.5,28.0,0.4609887361526489,0.45941863126573584,214.5,28.0,0.348563072681427,0.34929427023727777,539.5,28.0,0.4460230380296707,0.44476997024490733,188.5,29.0,0.4726835697889328,0.47162584878309294,208.0,29.0
2026-07-03T10:43:23.046,4.745083458023146,step_20,780.0,30.0,0.4688340204954147,0.47714961470969713,-26.0,29.0,0.34841389656066896,0.3305104142824445,780.0,29.0,0.1575247812271118,0.15100328068970778,32.5,29.0,0.4059887361526489,0.4072480354009308,721.5,28.0,0.293563072681427,0.295902952620737,507.0,28.0,0.4931906849145889,0.48473334859235523,598.0,29.0,0.4533655047416687,0.45331502250705724,221.0,30.0
2026-07-03T10:43:23.138,4.836274166009389,step_21,669.5,29.0,0.5010395988821983,0.49910734721904326,-6.5,29.0,0.40341389656066895,0.38376440070191503,513.5,29.0,0.2125247812271118,0.2063630121309224,-169.0,28.0,0.3509887361526489,0.3523460746166171,507.0,28.0,0.238563072681427,0.23978027008468755,559.0,28.0,0.5390219032764434,0.52988479438468,669.5,29.0,0.4441796004772186,0.44324406805523764,143.0,29.0
2026-07-03T10:43:23.228,4.927109832991846,step_22,793.0,30.0,0.4760181024670601,0.48416876478217746,-182.0,29.0,0.45841389656066894,0.4378576333257038,793.0,29.0,0.2675247812271118,0.2607309071488518,-208.0,28.0,0.34370206035673617,0.34227512016479744,156.0,28.0,0.2761900961399078,0.26967269398031585,370.5,28.0,0.5831034898757934,0.5741206988632028,526.5,29.0,0.4533660769462585,0.4481269550621805,650.0,30.0
2026-07-03T10:43:23.316,5.015102915931493,step_23,903.5,30.0,0.44156985729932785,0.4498970016021973,-175.5,29.0,0.40341389656066895,0.40236514839398796,169.0,29.0,0.3225247812271118,0.3147631036850537,-195.0,29.0,0.39870206035673617,0.38834210727092394,487.5,28.0,0.3311900961399078,0.3221332112611582,299.0,28.0,0.5834457576274872,0.5771725032425421,903.5,29.0,0.48128468990325923,0.4746776531624323,383.5,30.0
2026-07-03T10:43:23.408,5.106256332946941,step_24,721.5,30.0,0.5115698572993279,0.5087815671015488,-26.0,29.0,0.4261934161186218,0.415884641794461,299.0,29.0,0.3464153200387955,0.3409323262378881,-299.0,29.0,0.40400172770023346,0.3981078812848096,721.5,28.0,0.3861900961399078,0.3770504310673686,533.0,28.0,0.5392314374446868,0.5393453879606317,435.5,30.0,0.5049093008041381,0.49846646829938207,539.5,30.0
2026-07-03T10:43:23.496,5.195107707986608,step_25,351.0,30.0,0.581569857299328,0.5773250934615091,-104.0,29.0,0.37119341611862183,0.37108415350576024,169.0,29.0,0.3955347657203674,0.38791485465781644,-234.0,29.0,0.3749810218811035,0.37430380712596323,344.5,28.0,0.4411900961399078,0.431967650873579,351.0,28.0,0.5030049324035644,0.502738994430457,234.0,30.0,0.4943361848592758,0.4932784008545053,143.0,30.0
2026-07-03T10:43:23.588,5.2862938329344615,step_26,370.5,30.0,0.651569857299328,0.6476234073395895,-104.0,29.0,0.31619341611862184,0.31529716945143815,195.0,29.0,0.34894622564315797,0.3499961852445258,-214.5,29.0,0.3632162719964981,0.36179140917067215,214.5,28.0,0.4961900961399078,0.4865644312199588,370.5,28.0,0.5012319028377532,0.5006027313649195,156.0,29.0,0.4759860575199127,0.47498283360036614,273.0,30.0
2026-07-03T10:43:23.676,5.374626124976203,step_27,487.5,30.0,0.7153519928455353,0.712642099641413,-149.5,29.0,0.26119341611862185,0.26118867780575267,156.0,29.0,0.293946225643158,0.2956282902265965,-286.0,29.0,0.3392313733696937,0.3386129549095903,318.5,28.0,0.5190938413143158,0.5121995880064087,487.5,28.0,0.5014138281345367,0.5002975509269856,169.0,30.0,0.45554500520229335,0.4554512855725948,201.5,30.0
2026-07-03T10:43:23.766,5.465108708012849,step_28,741.0,30.0,0.6453519928455353,0.6546425574120698,-143.0,29.0,0.2825403295457363,0.26964217593652245,507.0,29.0,0.23894622564315798,0.2409246967269398,-344.5,29.0,0.3942313733696937,0.38529030289158467,468.0,28.0,0.5096909821033477,0.5079270618753338,175.5,28.0,0.5209356784820556,0.5149462119478141,741.0,30.0,0.4283692210912704,0.42830548561837184,175.5,30.0
2026-07-03T10:43:23.858,5.556251207948662,step_29,559.0,30.0,0.5753519928455353,0.5834744792858778,39.0,29.0,0.28296675607562066,0.26964217593652245,526.5,29.0,0.183946225643158,0.18623636224917983,-383.5,29.0,0.4392547696828842,0.4304417486839094,370.5,28.0,0.45469098210334774,0.45606164644846264,559.0,28.0,0.4908310383558273,0.489921416037232,312.0,30.0,0.4391613125801086,0.4341039139391165,552.5,30.0
2026-07-03T10:43:23.948,5.647064290940762,step_30,728.0,30.0,0.5078223422169685,0.5158159761959259,19.5,29.0,0.28455269038677217,0.26964217593652245,611.0,29.0,0.13539669215679168,0.13723964293888763,-162.5,29.0,0.4702644497156143,0.463080796520943,559.0,28.0,0.39969098210334775,0.4017547875181201,513.5,28.0,0.45392952859401703,0.45331502250705724,728.0,30.0,0.45537292361259457,0.4496528572518501,429.0,30.0
2026-07-03T10:43:24.038,5.737077749916352,step_31,663.0,30.0,0.5372984647750855,0.5342641336690318,0.0,29.0,0.31729712933301923,0.3000839246204318,637.0,29.0,0.10228825509548187,0.10301365682459754,-149.5,29.0,0.4607198715209961,0.4591134508278019,162.5,28.0,0.34469098210334775,0.34685282673380635,507.0,28.0,0.44324979484081267,0.44232852674143586,169.0,30.0,0.46136159002780913,0.4563668268863966,663.0,30.0
2026-07-03T10:43:24.129,5.827448250027373,step_32,669.5,30.0,0.46729846477508546,0.47539482719157694,-195.0,29.0,0.3484806030988693,0.3313496604867628,669.5,29.0,0.15728825509548186,0.1523460746166171,39.0,29.0,0.4057198715209961,0.40541695277332723,656.5,28.0,0.28969098210334776,0.2901045242999924,318.5,28.0,0.49315542280673974,0.4859540703440909,637.0,30.0,0.4571859985589981,0.4557564660105287,175.5,30.0
2026-07-03T10:43:24.219,5.918020457960665,step_33,624.0,30.0,0.5034262105822563,0.5017471580071717,-32.5,29.0,0.4034806030988693,0.38460364690623333,559.0,29.0,0.21228825509548185,0.20669871061264972,-182.0,29.0,0.3507198715209961,0.3505149919890135,624.0,28.0,0.23469098210334777,0.2348973830777447,552.5,28.0,0.5481554228067398,0.5402609292744335,461.5,30.0,0.46334254443645473,0.4581979095140002,585.0,30.0
2026-07-03T10:43:24.306,6.004777999944054,step_34,864.5,30.0,0.4742285214364529,0.48416876478217746,-325.0,29.0,0.4584806030988693,0.4361791409170672,864.5,29.0,0.2672882550954819,0.26005951018539714,-26.0,29.0,0.35888212062418456,0.3532616159304189,656.5,28.0,0.2702528655529022,0.2638742656595712,520.0,28.0,0.5832840025424957,0.5750362401770046,708.5,30.0,0.4842358440160751,0.4780346379797055,357.5,30.0
2026-07-03T10:43:24.396,6.0950216660276055,step_35,806.0,30.0,0.4506252186605707,0.45693141069657434,-19.5,29.0,0.4035806953907013,0.40151064316777296,227.5,29.0,0.32228825509548187,0.31509880216678104,-247.0,29.0,0.3983972385525703,0.38956282902265965,461.5,28.0,0.32525286555290217,0.31696040283817806,240.5,28.0,0.582577097415924,0.5768673228046082,806.0,30.0,0.4954595029354095,0.489921416037232,598.0,30.0
2026-07-03T10:43:24.486,6.185095124994405,step_36,565.5,30.0,0.519544780254364,0.5158159761959259,-19.5,29.0,0.4356676399707794,0.4226443884946975,370.5,29.0,0.3586489200592041,0.3520103761348898,-338.0,29.0,0.40350306481122966,0.39749752040894176,526.5,28.0,0.38025286555290216,0.37125200274662395,520.0,28.0,0.5373358488082886,0.5372091248950942,507.0,30.0,0.5026892364025115,0.49724574654764625,565.5,30.0
2026-07-03T10:43:24.577,6.275171249988489,step_37,409.5,30.0,0.5895447802543641,0.5852292668039979,-32.5,29.0,0.3806676399707794,0.38037689784084844,208.0,29.0,0.3880870312452316,0.3818722819867246,-409.5,29.0,0.37411699965596196,0.3730830853742275,312.0,28.0,0.43525286555290216,0.4258640421149004,351.0,28.0,0.5044989764690399,0.5042648966201266,409.5,30.0,0.48409848809242245,0.48290226596475166,260.0,30.0
2026-07-03T10:43:24.666,6.365073999972083,step_38,611.0,30.0,0.6595447802543641,0.6564126039520866,-149.5,29.0,0.3256676399707794,0.3254291599908446,292.5,29.0,0.34644744396209715,0.3469748989089799,-273.0,29.0,0.3643830485641956,0.36301213092240786,201.5,28.0,0.49025286555290215,0.4810711833371481,611.0,28.0,0.5013080775737762,0.5006027313649195,143.0,30.0,0.4628416240215301,0.46247043564507523,214.5,30.0
2026-07-03T10:43:24.758,6.456243707914837,step_39,663.0,30.0,0.7146527767181396,0.7117723353933013,-26.0,29.0,0.2706676399707794,0.27217517357137405,130.0,29.0,0.29144744396209715,0.29327840085450524,-487.5,29.0,0.3387024629861116,0.3383077744716564,247.0,29.0,0.5201568543910979,0.5134203097581445,663.0,28.0,0.5021564960479736,0.5006027313649195,240.5,30.0,0.4465069532394409,0.44568551155870917,195.0,30.0
2026-07-03T10:43:24.848,6.547091874992475,step_40,682.5,30.0,0.6446527767181396,0.6537727931639581,-136.5,29.0,0.28168467357754706,0.27217517357137405,312.0,29.0,0.23644744396209716,0.23859006637674526,-253.5,29.0,0.3937024629861116,0.38406958113984896,630.5,29.0,0.5094479203224181,0.5076218814373998,110.5,29.0,0.5200710773468017,0.5143358510719462,682.5,30.0,0.42024213224649426,0.4197604333562219,377.0,30.0
2026-07-03T10:43:24.939,6.637474625022151,step_41,637.0,30.0,0.5746527767181395,0.579949645227741,26.0,29.0,0.2550679998472333,0.2510414282444495,156.0,29.0,0.18144744396209717,0.18220798046845196,-409.5,29.0,0.4474884271621704,0.4395971618219272,403.0,29.0,0.45444792032241815,0.4542305638208591,637.0,29.0,0.4801850199699401,0.4792553597314413,526.5,30.0,0.42510934472084044,0.42037079423208973,565.5,30.0
2026-07-03T10:43:25.029,6.728043582988903,step_42,591.5,30.0,0.5159366369247437,0.5219653620202945,6.5,29.0,0.29021085500717164,0.2747234302281224,591.5,29.0,0.13461571335792544,0.135561150530251,-344.5,29.0,0.4680949360132217,0.46216525520714125,455.0,29.0,0.39944792032241816,0.39993896391241324,559.0,29.0,0.46133083403110503,0.46002899214160364,253.5,30.0,0.44605137109756465,0.4408026245517662,370.5,30.0
2026-07-03T10:43:25.118,6.816225582966581,step_43,624.0,30.0,0.5363717436790466,0.5351491569390402,39.0,29.0,0.32006036788225173,0.3034561684596017,624.0,29.0,0.10008381009101869,0.10133516441596094,-78.0,29.0,0.4623218208551407,0.46063935301747155,175.5,29.0,0.3470127218402922,0.34929427023727777,305.5,29.0,0.44439643919467925,0.44354924849317157,260.0,30.0,0.46753581166267394,0.4615548943312734,468.0,30.0
2026-07-03T10:43:25.208,6.90704487496987,step_44,689.0,30.0,0.4663717436790466,0.47450980392156855,-156.0,29.0,0.35797848403453825,0.33980315861753263,689.0,29.0,0.15508381009101868,0.14898908979934386,26.0,29.0,0.4073218208551407,0.40877393759060043,624.0,29.0,0.2920127218402922,0.2943770504310674,299.0,29.0,0.49090361893177026,0.4832074464026856,559.0,30.0,0.4618905127048492,0.4609445334554055,143.0,30.0
2026-07-03T10:43:25.299,6.997541207936592,step_45,786.5,30.0,0.44219438508152964,0.4507820248722057,-305.5,29.0,0.41297848403453824,0.3939116502632181,786.5,29.0,0.21008381009101867,0.2046845197222858,-156.0,29.0,0.3523218208551407,0.3523460746166171,624.0,29.0,0.2370127218402922,0.23764400701915006,533.0,29.0,0.5459036189317703,0.5378194857709621,175.5,30.0,0.4645930618047714,0.4609445334554055,396.5,30.0
2026-07-03T10:43:25.389,7.088138499995694,step_46,611.0,30.0,0.5121943850815296,0.5096513313496605,-19.5,29.0,0.46797848403453823,0.448004882887007,611.0,29.0,0.23089205250144004,0.226840619516289,-364.0,29.0,0.3307591691613197,0.32976272220950636,195.0,29.0,0.2920127218402922,0.28552681773098343,448.5,29.0,0.5419359803199768,0.5393453879606317,325.0,30.0,0.47929676175117486,0.47437247272449834,559.0,30.0
2026-07-03T10:43:25.480,7.178168374928646,step_47,741.0,30.0,0.5477487981319428,0.5474479285877776,-65.0,29.0,0.521371191740036,0.5012588693064775,559.0,29.0,0.21987287625670432,0.21911955443656062,-52.0,29.0,0.3563070083037019,0.3495994506752117,741.0,29.0,0.3470127218402922,0.3395284962233921,546.0,29.0,0.5452884197235107,0.5399557488364995,728.0,30.0,0.508673334121704,0.5021286335545891,695.5,30.0
2026-07-03T10:43:25.566,7.2649251249386,step_48,871.0,30.0,0.5575099289417267,0.5562371252002747,19.5,29.0,0.514088636636734,0.5012588693064775,520.0,29.0,0.25818519555032254,0.2523384451056687,-253.5,29.0,0.3013070083037019,0.30200656137941556,663.0,29.0,0.37635140940546985,0.36881055924315254,695.5,29.0,0.5777543604373931,0.5695429922941939,871.0,30.0,0.48548200726509094,0.48473334859235523,299.0,30.0
2026-07-03T10:43:25.654,7.352240875014104,step_49,851.5,30.0,0.5401959210634232,0.5430533302815289,65.0,29.0,0.4890212655067444,0.4860456244754711,117.0,29.0,0.20318519555032255,0.2046845197222858,-370.5,29.0,0.2463070083037019,0.24800488288700698,643.5,29.0,0.32135140940546986,0.3224383916990921,481.0,29.0,0.6278162002563477,0.617746242465858,851.5,30.0,0.4513516217470169,0.4514839398794537,442.0,30.0
2026-07-03T10:43:25.744,7.442993749980815,step_50,949.0,30.0,0.4701959210634232,0.47626459143968863,19.5,29.0,0.44481053948402405,0.44377813382162196,182.0,29.0,0.14818519555032256,0.14999618524452582,-351.0,30.0,0.1982139706611633,0.19890135042343784,422.5,29.0,0.26635140940546986,0.2678416113527123,533.0,29.0,0.6327947556972504,0.6262912947280079,949.0,30.0,0.4620083689689636,0.4569771877622644,565.5,30.0
2026-07-03T10:43:25.836,7.534207999939099,step_51,1020.5,30.0,0.4424932742491365,0.4498970016021973,-253.5,29.0,0.49981053948402404,0.4792858777752346,897.0,29.0,0.20318519555032255,0.1969787136644541,-182.0,30.0,0.24032146036624907,0.23276112001220722,266.5,29.0,0.22807501256465912,0.2284885938811322,253.5,29.0,0.6358804762363434,0.6287327382314793,1020.5,30.0,0.47883549332618713,0.4731517509727626,552.5,30.0
2026-07-03T10:43:25.924,7.6230727499350905,step_52,897.0,30.0,0.47642072886228565,0.47626459143968863,-6.5,29.0,0.5415669560432435,0.5198596169985504,897.0,29.0,0.25818519555032254,0.2516670481422141,-45.5,30.0,0.28406931310892103,0.2754711223010605,377.0,29.0,0.2574809193611145,0.25227740901808193,279.5,29.0,0.620800918340683,0.6192721446555276,208.0,30.0,0.49066402614116666,0.48503852903028916,682.5,30.0
2026-07-03T10:43:26.014,7.713131290976889,step_53,500.5,30.0,0.5464207288622857,0.5412985427634088,-13.0,29.0,0.541200691461563,0.5283131151293202,442.0,29.0,0.31318519555032254,0.30603494316014346,-32.5,29.0,0.339069313108921,0.32945754177157244,292.5,29.0,0.3124809193611145,0.304448004882887,390.0,29.0,0.5658009183406829,0.5667963683527886,500.5,30.0,0.4845082134008407,0.4832074464026856,156.0,30.0
2026-07-03T10:43:26.100,7.799023707979359,step_54,474.5,30.0,0.5060024991631508,0.5131761654077973,-162.5,29.0,0.48620069146156303,0.4860456244754711,156.0,29.0,0.35547331869602206,0.3489890897993438,-273.0,30.0,0.394069313108921,0.3843747615777829,435.5,29.0,0.3674809193611145,0.3587548638132296,312.0,29.0,0.5219118237495421,0.5219501029983978,474.5,30.0,0.4723455488681793,0.47162584878309294,156.0,30.0
2026-07-03T10:43:26.186,7.885086124995723,step_55,689.0,30.0,0.5156669184565544,0.5149309529259174,32.5,29.0,0.46276007890701293,0.46152437628748,156.0,29.0,0.3715030670166016,0.36643015182726785,-416.0,30.0,0.42305981069803233,0.4154879072251469,689.0,29.0,0.4224809193611145,0.4118257419699397,403.0,29.0,0.5028301060199737,0.5018234531166552,416.0,30.0,0.48302306532859796,0.47833981841763945,526.5,30.0
2026-07-03T10:43:26.274,7.973017207928933,step_56,520.0,30.0,0.5856669184565544,0.5825894560158694,-175.5,29.0,0.40776007890701294,0.40743114366369115,260.0,29.0,0.40734138488769533,0.4006561379415579,-377.0,30.0,0.3790993168950081,0.37918669413290607,520.0,29.0,0.4774809193611145,0.4685740444037537,500.5,29.0,0.496135401725769,0.4948043030441749,188.5,30.0,0.5056435823440552,0.4996871900511177,390.0,30.0
2026-07-03T10:43:26.364,8.063035874976777,step_57,598.0,30.0,0.6556669184565544,0.6528877698939497,-143.0,29.0,0.35276007890701294,0.35333791103990236,175.5,29.0,0.35234138488769534,0.3540245670252537,-364.0,30.0,0.36595961973071095,0.3645380331120775,143.0,29.0,0.5320778965950012,0.5231708247501335,598.0,29.0,0.4936653465032577,0.49236285954070347,182.0,30.0,0.4832933515310287,0.48229190508888375,260.0,30.0
2026-07-03T10:43:26.450,8.148963124956936,step_58,754.0,30.0,0.7122267007827758,0.7100175478751812,-19.5,29.0,0.29776007890701295,0.2983901731898985,201.5,29.0,0.29734138488769535,0.2989852750438697,-383.5,30.0,0.3380960714071989,0.33769741359578853,260.0,29.0,0.5180521070957184,0.5170824750133517,162.5,29.0,0.5036562621593474,0.49785610742351416,754.0,30.0,0.4660381108522415,0.4649118791485466,240.5,30.0
2026-07-03T10:43:26.538,8.237094415933825,step_59,760.5,30.0,0.6422267007827758,0.6484931715877011,247.0,29.0,0.2633215766400099,0.26372167544060426,117.0,30.0,0.24234138488769535,0.24495307850766768,-396.5,30.0,0.3930960714071989,0.3831540398260472,429.0,29.0,0.5073624849319458,0.5064011596856641,182.0,29.0,0.5218922793865204,0.515251392385748,760.5,30.0,0.43549796044826505,0.4359349965667201,351.0,30.0
2026-07-03T10:43:26.628,8.327067082980648,step_60,656.5,30.0,0.5722267007827757,0.579949645227741,-19.5,29.0,0.25566197782754896,0.2518959334706645,136.5,29.0,0.18734138488769536,0.18959334706645303,-286.0,30.0,0.4436870664358139,0.4341039139391165,656.5,29.0,0.4523624849319458,0.4536202029449912,656.5,29.0,0.47845219671726225,0.4786449988555734,500.5,30.0,0.4182200103998184,0.41731898985275045,305.5,30.0
2026-07-03T10:43:26.716,8.415019707987085,step_61,604.5,30.0,0.508233068883419,0.5149309529259174,-19.5,29.0,0.2815987758338451,0.26710917830167086,598.0,30.0,0.1376200020313263,0.13958953231097887,-318.5,30.0,0.466843444108963,0.46002899214160364,578.5,29.0,0.3973624849319458,0.3993286030365454,559.0,29.0,0.46097258925437923,0.4597238117036698,416.0,30.0,0.43563375174999236,0.42983138780804153,604.5,30.0
2026-07-03T10:43:26.804,8.502564708003774,step_62,676.0,30.0,0.5392943680286407,0.5360189211871519,13.0,29.0,0.32645906805992125,0.30853742275120166,676.0,29.0,0.09767130613327027,0.09898527504386968,-279.5,30.0,0.46415971517562865,0.46063935301747155,435.5,29.0,0.34332007076591253,0.34471656366826886,578.5,29.0,0.44000093340873714,0.4392919813839933,253.5,30.0,0.4488648742437362,0.44354924849317157,461.5,30.0
2026-07-03T10:43:26.894,8.593018666026182,step_63,747.5,30.0,0.4692943680286407,0.4789044022278172,-188.5,29.0,0.34708926975727084,0.3296559090562295,747.5,30.0,0.15267130613327026,0.14697489890897994,-104.0,30.0,0.40915971517562866,0.4096894789044022,481.0,29.0,0.28832007076591254,0.28979934386205847,565.5,29.0,0.49292467236518855,0.4844281681544213,461.5,30.0,0.4506047695875168,0.4453803311207752,656.5,30.0
2026-07-03T10:43:26.984,8.682560665998608,step_64,624.0,30.0,0.5044452801346779,0.5035019455252918,13.0,29.0,0.40208926975727083,0.3812314030670634,624.0,29.0,0.20767130613327026,0.2013275349050126,-6.5,30.0,0.35415971517562866,0.35509269855802245,468.0,29.0,0.23332007076591255,0.23428702220187686,526.5,29.0,0.5416066765785217,0.5329365987640192,422.5,30.0,0.4750267565250397,0.46887922484168765,286.0,30.0
2026-07-03T10:43:27.074,8.772989915916696,step_65,695.5,30.0,0.47562227547168734,0.48505378805218585,-338.0,29.0,0.4570892697572708,0.4361791409170672,695.5,29.0,0.2626713061332703,0.2556954299229419,-201.5,30.0,0.35974457710981367,0.3544823376821546,598.0,29.0,0.26875915229320524,0.26295872434576945,312.0,29.0,0.5758908689022064,0.5686274509803921,474.5,30.0,0.48940058052539825,0.4841229877164873,396.5,30.0
2026-07-03T10:43:27.162,8.860986915999092,step_66,702.0,30.0,0.44969733743928375,0.45606164644846264,-91.0,29.0,0.40208926975727083,0.39981689173723967,247.0,29.0,0.31767130613327027,0.31073472190432594,-52.0,30.0,0.4004088193178177,0.392309452964065,344.5,29.0,0.32375915229320523,0.3154345006485084,494.0,30.0,0.5841849744319916,0.5783932249942779,702.0,30.0,0.5070415675640105,0.5012130922407874,565.5,30.0
2026-07-03T10:43:27.249,8.948106874944642,step_67,708.5,30.0,0.5196973374392837,0.5166857404440376,-123.5,29.0,0.4369940280914306,0.4226443884946975,487.5,30.0,0.35434162318706514,0.3479819943541619,-364.0,30.0,0.4053189024329185,0.3993286030365454,708.5,29.0,0.3787591522932052,0.3703364614328222,325.0,29.0,0.5369448363780975,0.5372091248950942,494.0,30.0,0.5046819031238555,0.5018234531166552,312.0,30.0
2026-07-03T10:43:27.340,9.03848124993965,step_68,325.0,30.0,0.5896973374392838,0.5878690775921264,-117.0,29.0,0.3819940280914306,0.3812314030670634,136.5,30.0,0.3901929408311844,0.3842221713588159,-299.0,30.0,0.37524038702249524,0.37430380712596323,227.5,29.0,0.4337591522932052,0.4255588616769665,325.0,30.0,0.5044985830783844,0.5033493553063249,318.5,30.0,0.49095874726772304,0.489921416037232,156.0,30.0
2026-07-03T10:43:27.430,9.129005207912996,step_69,312.0,30.0,0.6596973374392838,0.6572823682001983,0.0,29.0,0.32699402809143063,0.3254291599908446,149.5,30.0,0.34948560893535613,0.3496604867627985,-97.5,30.0,0.3654926672577858,0.36392767223620964,175.5,29.0,0.4887591522932052,0.4807660028992142,312.0,29.0,0.4996783316135406,0.49846646829938207,175.5,30.0,0.47821228206157684,0.47711909666590374,149.5,30.0
2026-07-03T10:43:27.518,9.216214332962409,step_70,591.5,30.0,0.7118812143802643,0.7091325246051728,-71.5,29.0,0.27199402809143064,0.2738689250019074,104.0,30.0,0.29448560893535614,0.2973067826352331,-377.0,30.0,0.3379004836082458,0.33800259403372246,240.5,29.0,0.5194049417972564,0.5118944075684748,591.5,30.0,0.501776909828186,0.49846646829938207,429.0,30.0,0.453200289607048,0.45331502250705724,182.0,30.0
2026-07-03T10:43:27.608,9.307019874919206,step_71,565.5,30.0,0.6418812143802644,0.6502632181277179,19.5,29.0,0.28194086700677873,0.27217517357137405,338.0,30.0,0.23948560893535614,0.24159609369039445,-260.0,30.0,0.3929004836082458,0.3834592202639811,416.0,29.0,0.5095337510108947,0.5082322423132677,162.5,30.0,0.5200005173683167,0.5140306706340123,565.5,30.0,0.43712309300899505,0.436240177004654,182.0,30.0
2026-07-03T10:43:27.699,9.39755975001026,step_72,676.0,30.0,0.5718812143802643,0.5764400701915007,19.5,29.0,0.25460120076313614,0.2510414282444495,149.5,30.0,0.18448560893535615,0.18522926680399787,-305.5,30.0,0.4479004836082458,0.44019226367589837,676.0,29.0,0.4545337510108947,0.4542305638208591,637.0,30.0,0.47956621646881104,0.4786449988555734,500.5,30.0,0.42627694606781,0.42525368123903257,175.5,30.0
2026-07-03T10:43:27.789,9.488027082988992,step_73,676.0,30.0,0.5119406551122665,0.5184405279621577,-143.0,29.0,0.285274850577116,0.26964217593652245,617.5,30.0,0.13850331604480742,0.13891813534752423,-234.0,30.0,0.46817104816436766,0.4618600747692073,676.0,29.0,0.3995337510108947,0.40022888532845047,409.5,30.0,0.45910311639308926,0.4575875486381323,182.0,30.0,0.4515535920858383,0.4459906919966431,637.0,30.0
2026-07-03T10:43:27.876,9.575036790920421,step_74,591.5,30.0,0.5395454496145249,0.5386587319752804,58.5,29.0,0.3220686137676239,0.30514991989013507,591.5,30.0,0.10056294202804567,0.10200656137941558,-117.0,30.0,0.46286046206951137,0.46063935301747155,214.5,29.0,0.34453375101089473,0.3471580071717403,474.5,30.0,0.44355628192424773,0.44232852674143586,390.0,30.0,0.46250641047954555,0.45728236820019835,578.5,30.0
2026-07-03T10:43:27.966,9.664988916018046,step_75,682.5,30.0,0.4695454496145249,0.4789044022278172,-208.0,29.0,0.3520905882120132,0.3338826581216144,682.5,30.0,0.15556294202804566,0.1496604867627985,-149.5,30.0,0.4078604620695114,0.40877393759060043,624.0,29.0,0.28953375101089474,0.2910200656137942,591.5,30.0,0.49157452881336205,0.4835126268406196,643.5,30.0,0.459881117939949,0.45728236820019835,253.5,30.0
2026-07-03T10:43:28.056,9.754781208001077,step_76,546.0,30.0,0.5046442955732345,0.5035019455252918,26.0,29.0,0.4070905882120132,0.3862973983367667,539.5,30.0,0.21056294202804565,0.20401312275883116,-71.5,30.0,0.3528604620695114,0.35417715724422066,448.5,29.0,0.23453375101089474,0.23581292439154647,546.0,30.0,0.5465745288133621,0.5369039444571603,429.0,30.0,0.4820863664150238,0.4765087357900359,474.5,30.0
2026-07-03T10:43:28.145,9.844135624938644,step_77,884.0,30.0,0.476067166775465,0.48505378805218585,-318.5,29.0,0.45396688580513,0.43279163805600057,884.0,30.0,0.26556294202804565,0.25871671625848786,0.0,30.0,0.3625675406306982,0.356923781185626,643.5,29.0,0.2685525596141815,0.2626535439078355,533.0,30.0,0.5835086822509765,0.5756466010528725,624.0,30.0,0.48118402659893034,0.47711909666590374,481.0,30.0
2026-07-03T10:43:28.236,9.934867832926102,step_78,572.0,30.0,0.4524827180430293,0.4595712214847028,-188.5,29.0,0.39896688580513,0.39728389410238807,162.5,30.0,0.32056294202804564,0.31342030975814444,-45.5,30.0,0.3981398671865463,0.39047837033646143,539.5,29.0,0.3235525596141815,0.3154345006485084,227.5,30.0,0.5795612037181854,0.5771725032425421,312.0,30.0,0.5058267414569855,0.4996871900511177,572.0,30.0
2026-07-03T10:43:28.322,10.020764957997017,step_79,741.0,30.0,0.5219856172800064,0.5193255512321661,-104.0,29.0,0.4373184144496918,0.4226443884946975,533.0,30.0,0.36160336434841156,0.3550316624704356,-266.5,30.0,0.4049025923013687,0.39841306172274354,741.0,29.0,0.3785525596141815,0.36911573968108646,455.0,30.0,0.5358091354370117,0.5356832227054246,513.5,30.0,0.5082260310649871,0.502738994430457,669.5,30.0
2026-07-03T10:43:28.411,10.109726790920831,step_80,325.0,30.0,0.5919856172800064,0.5887388418402381,-136.5,29.0,0.3823184144496918,0.3820706492713816,195.0,30.0,0.38044315576553345,0.37549401083390554,-292.5,30.0,0.37302144467830656,0.3718623636224918,299.0,29.0,0.4335525596141815,0.4246433203631647,325.0,30.0,0.507757270336151,0.506706340123598,299.0,30.0,0.5011102199554442,0.49999237048905165,130.0,30.0
2026-07-03T10:43:28.501,10.199924165965058,step_81,565.5,30.0,0.6619856172800065,0.6599221789883267,-39.0,29.0,0.3273184144496918,0.32628366521705965,221.0,30.0,0.3472255438566208,0.3469748989089799,-78.0,30.0,0.3637077309191227,0.36240177004654,162.5,30.0,0.4885525596141815,0.4801556420233464,565.5,30.0,0.49971698224544525,0.498771648737316,156.0,30.0,0.4731610745191574,0.4725413900968948,299.0,30.0
2026-07-03T10:43:28.591,10.289701291010715,step_82,546.0,30.0,0.7153298020362854,0.7143968871595331,-6.5,29.0,0.2723184144496918,0.27302967879758905,130.0,30.0,0.2922255438566208,0.29327840085450524,-299.0,30.0,0.33799477219581603,0.33678187228198675,279.5,30.0,0.5200891375541686,0.5131151293202105,448.5,30.0,0.5023567497730255,0.498771648737316,546.0,30.0,0.4464019179344177,0.4459906919966431,338.0,30.0
2026-07-03T10:43:28.680,10.379069874994457,step_83,754.0,30.0,0.6453298020362854,0.652018005645838,-26.0,29.0,0.2848213046789169,0.2747234302281224,325.0,30.0,0.2372255438566208,0.23825436789501792,-273.0,30.0,0.392994772195816,0.3846799420157168,494.0,30.0,0.5082718431949615,0.506706340123598,156.0,30.0,0.5200275182723999,0.5140306706340123,754.0,30.0,0.4318967372179031,0.43105210955977724,162.5,30.0
2026-07-03T10:43:28.771,10.469387124991044,step_84,604.5,30.0,0.5753298020362854,0.5808346684977493,-26.0,29.0,0.27359229028224946,0.26880292973220415,156.0,30.0,0.18222554385662082,0.18321507591363392,-188.5,30.0,0.44083992838859554,0.43318837262531473,604.5,30.0,0.45327184319496155,0.45331502250705724,266.5,30.0,0.48688174486160274,0.4859540703440909,435.5,30.0,0.4254430115222931,0.42403295948729686,156.0,30.0
2026-07-03T10:43:28.859,10.557354375021532,step_85,598.0,30.0,0.5123810023069382,0.5184405279621577,-97.5,29.0,0.2884690284729004,0.2738689250019074,598.0,30.0,0.13377415239810944,0.13455405508506904,-201.5,30.0,0.46914514601230617,0.46277561608300904,500.5,30.0,0.39827184319496156,0.3993286030365454,572.0,30.0,0.45391892492771146,0.4527046616311895,513.5,30.0,0.455144265294075,0.4490424963759823,409.5,30.0
2026-07-03T10:43:28.949,10.647686082986183,step_86,591.5,31.0,0.5380525410175323,0.5369039444571603,45.5,29.0,0.3227808564901352,0.30598916609445337,474.5,30.0,0.10091442763805389,0.10099946593423362,-188.5,30.0,0.4615055531263351,0.45941863126573584,188.5,30.0,0.34327184319496157,0.344106202792401,559.0,30.0,0.44211773276329036,0.4408026245517662,416.0,31.0,0.46472128033638,0.46002899214160364,591.5,30.0
2026-07-03T10:43:29.035,10.734096125001088,step_87,604.5,30.0,0.4680525410175323,0.47714961470969713,-117.0,29.0,0.3379328608512878,0.3212024109254597,604.5,30.0,0.15591442763805388,0.1496604867627985,39.0,30.0,0.40650555312633513,0.4081635767147326,526.5,30.0,0.2882718431949616,0.2904097047379263,513.5,30.0,0.49102883338928216,0.48229190508888375,403.0,30.0,0.458378329873085,0.45728236820019835,123.5,30.0
2026-07-03T10:43:29.126,10.824774625012651,step_88,643.5,30.0,0.5073780745267868,0.5052719920653086,-6.5,29.0,0.3929328608512878,0.3727779049362936,526.5,30.0,0.21091442763805388,0.20434882124055848,-19.5,30.0,0.35150555312633514,0.352651255054551,520.0,30.0,0.23327184319496158,0.2345922026398108,455.0,30.0,0.5449792325496673,0.5353780422674906,435.5,30.0,0.46963468492031096,0.4646066987106126,643.5,30.0
2026-07-03T10:43:29.213,10.912078374996781,step_89,715.0,30.0,0.4761729396879673,0.48505378805218585,-370.5,29.0,0.4479328608512878,0.4260318913557641,715.0,30.0,0.2659144276380539,0.2590524147402152,-32.5,30.0,0.351554257562384,0.3495994506752117,195.0,30.0,0.2707684308290481,0.2644846265354391,403.0,30.0,0.5894256174564361,0.5811398489356833,513.5,30.0,0.4890368998050689,0.4835126268406196,344.5,30.0
2026-07-03T10:43:29.305,11.004132415982895,step_90,708.5,30.0,0.43732420764863494,0.44551766231784545,-188.5,29.0,0.40361168384552004,0.40067139696345466,279.5,30.0,0.3209144276380539,0.31375600823987176,-266.5,30.0,0.3998587474226951,0.3910887312123293,708.5,30.0,0.3257684308290481,0.3175707637140459,221.0,30.0,0.5840297281742095,0.582055390249485,286.0,30.0,0.4946240216493606,0.4893110551613641,565.5,30.0
2026-07-03T10:43:29.393,11.092150832992047,step_91,819.0,30.0,0.507324207648635,0.5035019455252918,-26.0,29.0,0.43925148248672485,0.42349889372091254,598.0,30.0,0.3517386198043823,0.3463035019455253,-377.0,30.0,0.40263381898403167,0.3959716182192721,819.0,30.0,0.3807684308290481,0.37216754406042574,312.0,30.0,0.5467255473136902,0.546669718471046,513.5,30.0,0.5082822322845458,0.502738994430457,624.0,30.0
2026-07-03T10:43:29.485,11.184113333001733,step_92,526.5,30.0,0.5773242076486349,0.5738002594033722,-162.5,30.0,0.38425148248672486,0.38460364690623333,123.5,30.0,0.3853019416332245,0.37952239261463333,-299.0,30.0,0.3748682104051113,0.3736934462500954,325.0,30.0,0.4357684308290481,0.42708476386663613,318.5,30.0,0.5040368139743805,0.5039597161821927,526.5,30.0,0.4852745115756988,0.4844281681544213,182.0,30.0
2026-07-03T10:43:29.578,11.27665316592902,step_93,357.5,31.0,0.647324207648635,0.6440985732814526,-65.0,29.0,0.32925148248672487,0.3296559090562295,156.0,30.0,0.34415532648563385,0.344960708018616,-182.0,30.0,0.3627423547208309,0.36179140917067215,195.0,30.0,0.4907684308290481,0.4810711833371481,357.5,30.0,0.5029018640518188,0.5015182726787213,234.0,31.0,0.46445972919464107,0.4639963378347448,208.0,30.0
2026-07-03T10:43:29.666,11.364968874957412,step_94,507.0,31.0,0.7148443222045898,0.7117723353933013,-136.5,30.0,0.2742514824867249,0.2747234302281224,136.5,30.0,0.28915532648563386,0.2912642099641413,-390.0,31.0,0.33825461901724335,0.3373922331578546,331.5,30.0,0.5176785826683044,0.5103685053788052,507.0,30.0,0.5016350209712982,0.5009079118028534,123.5,31.0,0.4390199065208435,0.4386816205081254,377.0,30.0
2026-07-03T10:43:29.756,11.454779457999393,step_95,767.0,31.0,0.6448443222045899,0.6528877698939497,-45.5,29.0,0.2795674830675125,0.27302967879758905,247.0,30.0,0.23415532648563386,0.236240177004654,-292.5,31.0,0.39325461901724335,0.3843747615777829,520.0,30.0,0.5078662574291228,0.5060959792477302,149.5,30.0,0.5212096393108367,0.515251392385748,767.0,31.0,0.4356214493513107,0.4341039139391165,162.5,30.0
2026-07-03T10:43:29.845,11.544115124968812,step_96,591.5,31.0,0.5748443222045898,0.5817196917677577,84.5,29.0,0.28166295662522317,0.27302967879758905,273.0,30.0,0.17915532648563387,0.18086518654154268,-305.5,31.0,0.4383304804563522,0.42983138780804153,351.0,30.0,0.45286625742912284,0.45392538338292515,507.0,30.0,0.4895849823951721,0.48900587472343027,227.5,31.0,0.44062375128269193,0.4359349965667201,591.5,30.0
2026-07-03T10:43:29.936,11.634665290941484,step_97,617.5,31.0,0.5111111864447594,0.5193255512321661,-6.5,30.0,0.2945638790726662,0.2797894254978256,591.5,30.0,0.13531218469142914,0.1369039444571603,-253.5,31.0,0.47145215868949886,0.4639963378347448,578.5,30.0,0.39786625742912285,0.3993286030365454,585.0,30.0,0.46071306765079495,0.4597238117036698,305.5,31.0,0.4488585352897644,0.44354924849317157,617.5,30.0
2026-07-03T10:43:30.024,11.72263162501622,step_98,578.5,31.0,0.5393838196992874,0.5360189211871519,19.5,29.0,0.32150134444236755,0.30598916609445337,442.0,30.0,0.10322361290454865,0.10368505378805219,-84.5,31.0,0.4604879319667816,0.458503089951934,169.0,30.0,0.34286625742912286,0.34441138323033493,422.5,30.0,0.44311707019805907,0.44232852674143586,195.0,31.0,0.46065430045127864,0.4554512855725948,578.5,30.0
2026-07-03T10:43:30.112,11.810286000021733,step_99,676.0,31.0,0.4693838196992874,0.4780193789578088,-104.0,29.0,0.3528123080730438,0.3347371633478294,676.0,30.0,0.15822361290454864,0.1523460746166171,-227.5,31.0,0.4054879319667816,0.406332494087129,474.5,30.0,0.28786625742912286,0.2891889829861906,494.0,30.0,0.49270765483379364,0.4844281681544213,507.0,31.0,0.45909746587276457,0.4557564660105287,305.5,30.0
2026-07-03T10:43:30.198,11.896940874983557,step_100,669.5,31.0,0.49835980385541917,0.4964827954528115,6.5,29.0,0.4078123080730438,0.3862973983367667,546.0,30.0,0.21322361290454864,0.20602731364919508,13.0,31.0,0.35048793196678163,0.352651255054551,669.5,30.0,0.23286625742912287,0.23520256351567864,572.0,30.0,0.5477076548337937,0.5372091248950942,351.0,31.0,0.4795977234840393,0.4737621118486305,513.5,30.0
2026-07-03T10:43:30.286,11.984248582972214,step_101,845.0,31.0,0.48030587285757065,0.488563363088426,-325.0,30.0,0.4628123080730438,0.4403906309605555,845.0,30.0,0.2574652129784226,0.25133134966048676,-240.5,31.0,0.3429079622030258,0.3419699397268635,143.0,30.0,0.27516015022993084,0.2681467917906462,559.0,30.0,0.577819788455963,0.5710688944838636,702.0,31.0,0.49847397506237023,0.4926680399786374,565.5,30.0
2026-07-03T10:43:30.376,12.074830165947787,step_102,598.0,31.0,0.44850947633385657,0.45693141069657434,-188.5,30.0,0.4106818974018097,0.40996414129854275,136.5,30.0,0.3124652129784226,0.30536354619668876,-201.5,31.0,0.39790796220302577,0.38834210727092394,578.5,30.0,0.33016015022993084,0.3215228503852903,266.5,30.0,0.5891792833805084,0.5835812924391547,533.0,31.0,0.50195352435112,0.49663538567177845,598.0,30.0
2026-07-03T10:43:30.462,12.160810375004075,step_103,773.5,31.0,0.5185094763338566,0.5158159761959259,-110.5,30.0,0.4226990163326263,0.41335164415960934,318.5,30.0,0.3447530299425125,0.3389181353475242,-351.0,31.0,0.4029015302658081,0.39627679865720605,773.5,30.0,0.38516015022993083,0.37582970931563286,325.0,30.0,0.5437543392181396,0.5436179140917067,448.5,31.0,0.5026106655597686,0.49724574654764625,637.0,30.0
2026-07-03T10:43:30.552,12.250436499947682,step_104,468.0,31.0,0.5885094763338565,0.5843442435339895,-130.0,30.0,0.3676990163326263,0.36685740444037535,169.0,30.0,0.3913117170333862,0.3842221713588159,-305.5,31.0,0.3740196958184242,0.3730830853742275,253.5,30.0,0.4401601502299308,0.43135728999771117,442.0,30.0,0.5058565855026245,0.5051804379339284,468.0,31.0,0.49085278213024136,0.489921416037232,143.0,30.0
2026-07-03T10:43:30.640,12.33828987495508,step_105,338.0,31.0,0.6585094763338566,0.6564126039520866,-78.0,30.0,0.3126990163326263,0.31107042038605326,253.5,30.0,0.34096743166446686,0.3416037232013428,-188.5,31.0,0.3636856898665428,0.36240177004654,182.0,30.0,0.4951601502299308,0.4871747920958267,292.5,30.0,0.5018161058425903,0.5002975509269856,195.0,31.0,0.4663567841053009,0.46552224002441445,338.0,30.0
2026-07-03T10:43:30.728,12.426492166006938,step_106,591.5,31.0,0.7152599930763245,0.7117723353933013,-71.5,30.0,0.2576990163326263,0.25865568017090107,273.0,30.0,0.28596743166446686,0.2885786221103227,-318.5,31.0,0.33790626041591165,0.3373922331578546,383.5,30.0,0.5195675194263458,0.5128099488822766,591.5,30.0,0.5012693643569945,0.5002975509269856,175.5,31.0,0.4475430905818939,0.4469062333104448,292.5,30.0
2026-07-03T10:43:30.818,12.51666149997618,step_107,604.5,31.0,0.6452599930763245,0.6546425574120698,-156.0,30.0,0.28017995655536654,0.26710917830167086,526.5,30.0,0.23096743166446687,0.23321889066910811,-383.5,31.0,0.39290626041591165,0.3831540398260472,474.5,30.0,0.5094280362129211,0.5076218814373998,136.5,30.0,0.5206530630588531,0.5149462119478141,604.5,31.0,0.4252536833286285,0.4246433203631647,253.5,30.0
2026-07-03T10:43:30.904,12.602608832996339,step_108,617.5,31.0,0.5752599930763245,0.5834744792858778,6.5,30.0,0.2740838788449764,0.26710917830167086,260.0,30.0,0.17596743166446688,0.17817959868772412,-338.0,31.0,0.4411666482686996,0.43227283131151295,351.0,30.0,0.4544280362129211,0.4554512855725948,617.5,30.0,0.4882674813270569,0.4877851529716945,312.0,31.0,0.4215120330452919,0.42037079423208973,130.0,30.0
2026-07-03T10:43:30.994,12.69275133300107,step_109,591.5,31.0,0.5131598800420761,0.5202105745021744,-52.0,30.0,0.2975674971938133,0.2831769283588922,591.5,30.0,0.13614148795604708,0.13723964293888763,-214.5,31.0,0.47149985730648036,0.4643015182726788,468.0,30.0,0.3994280362129211,0.40114442664225225,208.0,30.0,0.45885718464851377,0.45789272907606626,474.5,31.0,0.44801238775253294,0.44202334630350193,520.0,30.0
2026-07-03T10:43:31.084,12.782945749931969,step_110,598.0,31.0,0.540234500169754,0.537773708705272,45.5,30.0,0.3250886559486389,0.30853742275120166,598.0,30.0,0.10194011330604555,0.10267795834287022,-130.0,31.0,0.46177864670753477,0.46002899214160364,156.0,30.0,0.3444280362129211,0.3462424658579385,435.5,31.0,0.44624601900577543,0.44476997024490733,214.5,31.0,0.4679302394390106,0.46216525520714125,442.0,30.0
2026-07-03T10:43:31.174,12.87268404092174,step_111,747.5,31.0,0.47023450016975404,0.4797741664759289,-175.5,30.0,0.3493627101182938,0.3313496604867628,747.5,30.0,0.15694011330604554,0.15100328068970778,-208.0,31.0,0.4067786467075348,0.4075532158388647,585.0,30.0,0.2894280362129211,0.29071488517586025,455.0,31.0,0.49109166860580444,0.4835126268406196,708.5,31.0,0.46398232281208035,0.46216525520714125,182.0,30.0
2026-07-03T10:43:31.264,12.96301616600249,step_112,903.5,31.0,0.5036899968981743,0.5017471580071717,13.0,30.0,0.4043627101182938,0.38376440070191503,903.5,30.0,0.21194011330604554,0.20569161516746776,13.0,31.0,0.3517786467075348,0.35295643549248495,624.0,30.0,0.23442803621292113,0.2355077439536126,513.5,31.0,0.5373136937618255,0.5289692530708782,617.5,31.0,0.4778905153274536,0.47284657053482876,572.0,30.0
2026-07-03T10:43:31.350,13.048514000023715,step_113,838.5,31.0,0.47254713848233226,0.4815442130159457,-338.0,30.0,0.45936271011829377,0.4378576333257038,838.5,30.0,0.26694011330604556,0.2607309071488518,-117.0,31.0,0.3554955042898655,0.35112535286488133,507.0,30.0,0.2709049820899963,0.26509498741130694,234.0,30.0,0.5781411707401275,0.5707637140459296,585.0,31.0,0.4796342462301254,0.4746776531624323,617.5,30.0
2026-07-03T10:43:31.436,13.134452458005399,step_114,728.0,31.0,0.44817833891138437,0.45606164644846264,-26.0,30.0,0.4043627101182938,0.40404364080262456,169.0,30.0,0.32194011330604555,0.31409170672159914,-32.5,31.0,0.4014628648757934,0.392309452964065,513.5,30.0,0.3259049820899963,0.31665522240024413,234.0,30.0,0.5858435451984405,0.5799191271839476,728.0,31.0,0.49904487431049344,0.4926680399786374,383.5,30.0
2026-07-03T10:43:31.526,13.224974374985322,step_115,533.0,31.0,0.5181783389113843,0.514045929655909,-19.5,30.0,0.43483282923698424,0.4226443884946975,292.5,30.0,0.3517939895391464,0.3459678034637979,-318.5,31.0,0.4052943289279938,0.3993286030365454,500.5,30.0,0.3809049820899963,0.3718623636224918,260.0,31.0,0.5370618879795074,0.5369039444571603,533.0,31.0,0.5063628077507019,0.5015182726787213,292.5,30.0
2026-07-03T10:43:31.614,13.312412790954113,step_116,383.5,31.0,0.5881783389113844,0.5852292668039979,-65.0,30.0,0.37983282923698425,0.3795376516365301,221.0,30.0,0.3871518790721893,0.38052948805981535,-175.5,31.0,0.37401561886072154,0.37338826581216145,370.5,30.0,0.4359049820899963,0.4267795834287022,312.0,31.0,0.5048355400562285,0.5042648966201266,383.5,31.0,0.4899909883737564,0.48900587472343027,260.0,31.0
2026-07-03T10:43:31.704,13.402968458016403,step_117,656.5,31.0,0.6581783389113844,0.6546425574120698,-26.0,30.0,0.32483282923698426,0.32458991378652635,175.5,30.0,0.34249618351459504,0.3429465171282521,-182.0,31.0,0.3621141891926527,0.3611810482948043,175.5,30.0,0.4909049820899963,0.48168154421301596,656.5,31.0,0.5016635775566101,0.5006027313649195,188.5,31.0,0.4681374669075012,0.467353322652018,260.0,30.0
2026-07-03T10:43:31.791,13.490168040967546,step_118,624.0,31.0,0.7143709301948548,0.7108873121232929,-19.5,30.0,0.26983282923698426,0.27049668116273745,292.5,30.0,0.28749618351459505,0.2892500190737774,-234.0,31.0,0.3379225336015224,0.3370870527199207,377.0,30.0,0.5186355769634247,0.5115892271305409,624.0,31.0,0.5022916078567504,0.5006027313649195,253.5,31.0,0.4399233192205429,0.4395971618219272,260.0,31.0
2026-07-03T10:43:31.878,13.57661179092247,step_119,624.0,31.0,0.6443709301948548,0.6546425574120698,-32.5,30.0,0.28102623373270036,0.27217517357137405,292.5,30.0,0.23249618351459506,0.23590447852292667,-474.5,31.0,0.3929225336015224,0.3816281376363775,481.0,30.0,0.5097224712371826,0.5082322423132677,136.5,31.0,0.5204783797264099,0.5143358510719462,624.0,31.0,0.41603096574544907,0.4164034485389487,370.5,31.0
