timestamp,elapsed_s,movement,phase,pose_scale,max_abs_current_ma,max_abs_current_channel,max_abs_current_channel_name,max_temp_c,cmd_0_thumb_abd,pos_0_thumb_abd,curr_ma_0_thumb_abd,temp_c_0_thumb_abd,cmd_1_thumb_flex,pos_1_thumb_flex,curr_ma_1_thumb_flex,temp_c_1_thumb_flex,cmd_2_thumb_tendon,pos_2_thumb_tendon,curr_ma_2_thumb_tendon,temp_c_2_thumb_tendon,cmd_3_index,pos_3_index,curr_ma_3_index,temp_c_3_index,cmd_4_middle,pos_4_middle,curr_ma_4_middle,temp_c_4_middle,cmd_5_ring,pos_5_ring,curr_ma_5_ring,temp_c_5_ring,cmd_6_pinky,pos_6_pinky,curr_ma_6_pinky,temp_c_6_pinky
2026-06-09T14:28:02.943,0.5455177080002613,initial_open,settle,1.0,897.0,1,thumb_flex,33.0,0.0,0.012298771648737317,-500.5,32.0,0.0,0.0,897.0,31.0,0.0,0.054688334477759976,-338.0,33.0,0.0,0.0,292.5,32.0,0.0,0.0,84.5,32.0,0.0,0.0,84.5,32.0,0.0,0.0,266.5,33.0
2026-06-09T14:28:03.111,0.7126255000039237,touch_pinkie,ramp,1.0,864.5,1,thumb_flex,33.0,29.411764705882355,0.2451667048142214,-279.5,32.0,10.294117647058824,0.15976195925841152,864.5,31.0,6.764705882352941,0.12448310063324941,6.5,32.0,0.0,0.0,240.5,32.0,0.0,0.0,26.0,32.0,0.0,0.0,58.5,32.0,14.705882352941178,0.13116655222400245,19.5,33.0
2026-06-09T14:28:03.274,0.8757528330024797,touch_pinkie,ramp,1.0,1183.0,1,thumb_flex,33.0,58.82352941176471,0.5325093461509117,-65.0,32.0,20.58823529411765,0.36685740444037535,1183.0,31.0,13.529411764705882,0.2046845197222858,-260.0,33.0,0.0,0.0,318.5,32.0,0.0,0.0,71.5,32.0,0.0,0.0,52.0,32.0,29.411764705882355,0.287357900358587,305.5,33.0
2026-06-09T14:28:03.440,1.0423207080020802,touch_pinkie,ramp,1.0,1092.0,1,thumb_flex,33.0,88.23529411764706,0.8312809948882277,-305.5,32.0,30.88235294117647,0.5832608529793241,1092.0,31.0,20.294117647058822,0.2895857175555047,-143.0,33.0,0.0,0.0,279.5,32.0,0.0,0.0,97.5,32.0,0.0,0.0,71.5,32.0,44.11764705882353,0.45392538338292515,188.5,33.0
2026-06-09T14:28:03.506,1.107804582999961,touch_pinkie,ramp,1.0,910.0,1,thumb_flex,33.0,100.0,0.9507896543831539,0.0,32.0,35.0,0.6753948271915771,910.0,31.0,23.0,0.3241474021515221,-253.5,33.0,0.0,0.0,253.5,32.0,0.0,0.0,78.0,32.0,0.0,0.0,13.0,32.0,50.0,0.5225604638742657,143.0,33.0
2026-06-09T14:28:03.658,1.260278792004101,touch_pinkie,hold,1.0,1423.5,1,thumb_flex,33.0,100.0,0.9903257801174945,370.5,32.0,35.0,0.7058213168535897,1423.5,31.0,23.0,0.3358968490119783,-520.0,33.0,0.0,0.0,292.5,32.0,0.0,0.0,78.0,32.0,0.0,0.0,26.0,32.0,50.0,0.5485008010986496,929.5,33.0
2026-06-09T14:28:03.814,1.4163554170008865,touch_pinkie,hold,1.0,1423.5,1,thumb_flex,33.0,100.0,0.9903257801174945,351.0,32.0,35.0,0.7058213168535897,1423.5,31.0,23.0,0.3358968490119783,-507.0,33.0,0.0,0.0,253.5,32.0,0.0,0.0,84.5,32.0,0.0,0.0,58.5,32.0,50.0,0.5485008010986496,916.5,33.0
2026-06-09T14:28:03.967,1.5692875829990953,touch_pinkie,hold,1.0,1410.5,1,thumb_flex,33.0,100.0,0.9903257801174945,331.5,33.0,35.0,0.7058213168535897,1410.5,31.0,23.0,0.3358968490119783,-520.0,33.0,0.0,0.0,253.5,32.0,0.0,0.0,97.5,32.0,0.0,0.0,6.5,32.0,50.0,0.5485008010986496,929.5,33.0
2026-06-09T14:28:04.137,1.7391235830000369,hold_pinkie,ramp,1.0,1417.0,1,thumb_flex,33.0,100.0,0.9903257801174945,279.5,33.0,35.0,0.7058213168535897,1417.0,31.0,23.0,0.3358968490119783,-539.5,33.0,0.0,0.0,266.5,32.0,0.0,0.0,110.5,32.0,0.0,0.0,19.5,32.0,50.0,0.5485008010986496,877.5,33.0
2026-06-09T14:28:04.240,1.8417357920043287,hold_pinkie,ramp,1.0,1410.5,1,thumb_flex,33.0,100.0,0.9903257801174945,390.0,33.0,35.0,0.7058213168535897,1410.5,32.0,23.0,0.3358968490119783,-494.0,33.0,0.0,0.0,247.0,32.0,0.0,0.0,71.5,32.0,0.0,0.0,58.5,32.0,50.0,0.5485008010986496,910.0,33.0
2026-06-09T14:28:04.394,1.9960950829990907,hold_pinkie,hold,1.0,1430.0,1,thumb_flex,33.0,100.0,0.9903257801174945,409.5,33.0,35.0,0.7058213168535897,1430.0,32.0,23.0,0.3358968490119783,-507.0,33.0,0.0,0.0,279.5,32.0,0.0,0.0,84.5,32.0,0.0,0.0,32.5,32.0,50.0,0.5485008010986496,929.5,33.0
2026-06-09T14:28:04.547,2.149318542004039,hold_pinkie,hold,1.0,1417.0,1,thumb_flex,33.0,100.0,0.9903257801174945,325.0,33.0,35.0,0.7058213168535897,1417.0,32.0,23.0,0.3358968490119783,-487.5,33.0,0.0,0.0,247.0,32.0,0.0,0.0,65.0,32.0,0.0,0.0,39.0,32.0,50.0,0.5485008010986496,897.0,33.0
2026-06-09T14:28:04.703,2.305290917000093,hold_pinkie,hold,1.0,1391.0,1,thumb_flex,33.0,100.0,0.9903257801174945,403.0,33.0,35.0,0.7058213168535897,1391.0,32.0,23.0,0.3358968490119783,-507.0,33.0,0.0,0.0,305.5,32.0,0.0,0.0,65.0,32.0,0.0,0.0,13.0,32.0,50.0,0.5485008010986496,897.0,33.0
2026-06-09T14:28:04.867,2.469269332999829,touch_ring,ramp,1.0,1410.5,1,thumb_flex,33.0,100.0,0.9903257801174945,351.0,33.0,37.05882352941177,0.7294880598153658,1410.5,32.0,23.0,0.3358968490119783,-260.0,33.0,0.0,0.0,279.5,32.0,0.0,0.0,117.0,32.0,15.294117647058824,0.1381857022964828,-65.0,32.0,35.294117647058826,0.4179293507286183,923.0,33.0
2026-06-09T14:28:05.029,2.630926833000558,touch_ring,ramp,1.0,1475.5,1,thumb_flex,33.0,100.0,0.9903257801174945,357.5,33.0,39.11764705882353,0.7573815518425269,1475.5,32.0,23.0,0.3352254520485236,-91.0,33.0,0.0,0.0,247.0,32.0,0.0,0.0,45.5,32.0,30.58823529411765,0.3065842679484245,-45.5,32.0,20.588235294117645,0.2550240329594873,708.5,33.0
2026-06-09T14:28:05.189,2.791355499997735,touch_ring,ramp,1.0,1469.0,1,thumb_flex,33.0,100.0,0.9903257801174945,305.5,33.0,41.17647058823529,0.7844357976653696,1469.0,32.0,23.0,0.3332112611581597,-91.0,33.0,0.0,0.0,260.0,32.0,0.0,0.0,45.5,32.0,45.88235294117647,0.47223620965896085,110.5,32.0,5.882352941176471,0.09517051956969558,721.5,33.0
2026-06-09T14:28:05.259,2.8611922080017393,touch_ring,ramp,1.0,1105.0,1,thumb_flex,33.0,100.0,0.9903257801174945,299.0,33.0,42.0,0.796276798657206,1105.0,32.0,23.0,0.3332112611581597,6.5,33.0,0.0,0.0,266.5,32.0,0.0,0.0,91.0,32.0,52.0,0.5445334554055085,266.5,32.0,0.0,0.025009536888685437,955.5,33.0
2026-06-09T14:28:05.412,3.0138027080029133,touch_ring,hold,1.0,1287.0,5,ring,33.0,100.0,0.9903257801174945,318.5,33.0,42.0,0.8081025406271458,780.0,32.0,23.0,0.3328755626764324,-6.5,33.0,0.0,0.0,273.0,32.0,0.0,0.0,97.5,32.0,52.0,0.5689326314183261,1287.0,32.0,0.0,0.0,97.5,33.0
2026-06-09T14:28:05.569,3.171050707998802,touch_ring,hold,1.0,1261.0,5,ring,33.0,100.0,0.9903257801174945,292.5,33.0,42.0,0.8081025406271458,793.0,32.0,23.0,0.3328755626764324,26.0,33.0,0.0,0.0,286.0,32.0,0.0,0.0,117.0,32.0,52.0,0.5689326314183261,1261.0,32.0,0.0,0.0,58.5,33.0
2026-06-09T14:28:05.725,3.327235249998921,touch_ring,hold,1.0,1293.5,5,ring,33.0,100.0,0.9903257801174945,325.0,33.0,42.0,0.8081025406271458,812.5,32.0,23.0,0.3328755626764324,0.0,33.0,0.0,0.0,266.5,32.0,0.0,0.0,65.0,32.0,52.0,0.5689326314183261,1293.5,32.0,0.0,0.0,104.0,33.0
2026-06-09T14:28:05.887,3.489036999999371,hold_ring,ramp,1.0,1280.5,5,ring,33.0,100.0,0.9903257801174945,318.5,33.0,42.0,0.8081025406271458,786.5,32.0,23.0,0.3328755626764324,-13.0,33.0,0.0,0.0,266.5,32.0,0.0,0.0,52.0,32.0,52.0,0.5689326314183261,1280.5,32.0,0.0,0.0,117.0,33.0
2026-06-09T14:28:05.990,3.5918502920030733,hold_ring,ramp,1.0,1287.0,5,ring,33.0,100.0,0.9903257801174945,429.0,33.0,42.0,0.8081025406271458,767.0,32.0,23.0,0.3328755626764324,13.0,33.0,0.0,0.0,260.0,32.0,0.0,0.0,97.5,32.0,52.0,0.5689326314183261,1287.0,32.0,0.0,0.0,91.0,33.0
2026-06-09T14:28:06.148,3.749540374999924,hold_ring,hold,1.0,1300.0,5,ring,33.0,100.0,0.9903257801174945,305.5,33.0,42.0,0.8081025406271458,773.5,32.0,23.0,0.3328755626764324,-6.5,33.0,0.0,0.0,260.0,32.0,0.0,0.0,97.5,32.0,52.0,0.5689326314183261,1300.0,32.0,0.0,0.0,97.5,33.0
2026-06-09T14:28:06.305,3.906610250000085,hold_ring,hold,1.0,1293.5,5,ring,33.0,100.0,0.9903257801174945,351.0,33.0,42.0,0.8081025406271458,799.5,32.0,23.0,0.3328755626764324,0.0,33.0,0.0,0.0,279.5,32.0,0.0,0.0,65.0,32.0,52.0,0.5689326314183261,1293.5,32.0,0.0,0.0,91.0,33.0
2026-06-09T14:28:06.458,4.059869374999835,hold_ring,hold,1.0,1300.0,5,ring,33.0,100.0,0.9903257801174945,377.0,33.0,42.0,0.8081025406271458,793.0,32.0,23.0,0.3328755626764324,6.5,33.0,0.0,0.0,279.5,32.0,0.0,0.0,78.0,32.0,52.0,0.5689326314183261,1300.0,32.0,0.0,0.0,91.0,33.0
2026-06-09T14:28:06.625,4.227527000002738,touch_middle,ramp,1.0,1358.5,0,thumb_abd,33.0,95.0,0.9788967727168688,-1358.5,33.0,42.0,0.8081025406271458,188.5,32.0,23.0,0.3281757839322499,-45.5,33.0,0.0,0.0,234.0,32.0,14.705882352941178,0.12506294346532387,195.0,32.0,36.705882352941174,0.4414129854276341,1085.5,32.0,0.0,0.0,71.5,33.0
2026-06-09T14:28:06.789,4.391526332998183,touch_middle,ramp,1.0,806.0,5,ring,34.0,90.0,0.9279316395819027,-663.0,33.0,42.0,0.795422293430991,247.0,32.0,23.0,0.3224689097428855,-39.0,33.0,0.0,0.0,260.0,32.0,29.411764705882355,0.29529259174486916,39.0,32.0,21.41176470588235,0.2632639047837034,806.0,32.0,0.0,0.0,97.5,34.0
2026-06-09T14:28:06.953,4.554614375003439,touch_middle,ramp,1.0,624.0,5,ring,34.0,85.0,0.8725719081406882,-494.0,33.0,42.0,0.7810635538261997,253.5,32.0,23.0,0.31677729457541765,-58.5,33.0,0.0,0.0,247.0,32.0,44.11764705882353,0.4527046616311895,110.5,32.0,6.117647058823529,0.09913786526283665,624.0,32.0,0.0,0.0,130.0,34.0
2026-06-09T14:28:07.023,4.625379582997994,touch_middle,ramp,1.0,643.5,0,thumb_abd,34.0,83.0,0.8541237506675822,-643.5,33.0,42.0,0.7742885481040666,312.0,32.0,23.0,0.31509880216678104,13.0,33.0,0.0,0.0,266.5,32.0,50.0,0.5186083772030213,487.5,32.0,0.0,0.02958724345769436,598.0,32.0,0.0,0.0,91.0,34.0
2026-06-09T14:28:07.179,4.7806207920002635,touch_middle,hold,1.0,1586.0,4,middle,34.0,83.0,0.8488441290913252,-767.0,33.0,42.0,0.7751430533302816,201.5,33.0,23.0,0.31509880216678104,32.5,33.0,0.0,0.0,266.5,32.0,50.0,0.5442282749675745,1586.0,32.0,0.0,0.0,39.0,32.0,0.0,0.0,78.0,34.0
2026-06-09T14:28:07.337,4.938853042003757,touch_middle,hold,1.0,1579.5,4,middle,34.0,83.0,0.8488441290913252,-773.5,33.0,42.0,0.7751430533302816,214.5,32.0,23.0,0.31509880216678104,39.0,33.0,0.0,0.0,260.0,32.0,50.0,0.5442282749675745,1579.5,32.0,0.0,0.0,39.0,32.0,0.0,0.0,110.5,34.0
2026-06-09T14:28:07.494,5.095731125002203,touch_middle,hold,1.0,1553.5,4,middle,34.0,83.0,0.8488441290913252,-819.0,33.0,42.0,0.7751430533302816,201.5,32.0,23.0,0.31509880216678104,6.5,33.0,0.0,0.0,299.0,32.0,50.0,0.5442282749675745,1553.5,32.0,0.0,0.0,58.5,33.0,0.0,0.0,110.5,34.0
2026-06-09T14:28:07.662,5.26430899999832,hold_middle,ramp,1.0,1599.0,4,middle,34.0,83.0,0.8488441290913252,-799.5,33.0,42.0,0.7751430533302816,201.5,32.0,23.0,0.31509880216678104,13.0,33.0,0.0,0.0,253.5,32.0,50.0,0.5442282749675745,1599.0,32.0,0.0,0.0,6.5,33.0,0.0,0.0,91.0,34.0
2026-06-09T14:28:07.761,5.363172625002335,hold_middle,ramp,1.0,1579.5,4,middle,34.0,83.0,0.8488441290913252,-773.5,33.0,42.0,0.7751430533302816,208.0,33.0,23.0,0.31509880216678104,39.0,33.0,0.0,0.0,273.0,32.0,50.0,0.5442282749675745,1579.5,32.0,0.0,0.0,58.5,33.0,0.0,0.0,91.0,34.0
2026-06-09T14:28:07.918,5.519822166999802,hold_middle,hold,1.0,1579.5,4,middle,34.0,83.0,0.8488441290913252,-780.0,33.0,42.0,0.7751430533302816,201.5,33.0,23.0,0.31509880216678104,32.5,33.0,0.0,0.0,273.0,32.0,50.0,0.5442282749675745,1579.5,32.0,0.0,0.0,45.5,33.0,0.0,0.0,84.5,34.0
2026-06-09T14:28:08.075,5.67680691699934,hold_middle,hold,1.0,1579.5,4,middle,34.0,83.0,0.8488441290913252,-760.5,33.0,42.0,0.7751430533302816,195.0,33.0,23.0,0.31509880216678104,45.5,33.0,0.0,0.0,266.5,32.0,50.0,0.5442282749675745,1579.5,32.0,0.0,0.0,6.5,33.0,0.0,0.0,97.5,34.0
2026-06-09T14:28:08.232,5.833742041999358,hold_middle,hold,1.0,1547.0,4,middle,34.0,83.0,0.8488441290913252,-793.0,33.0,42.0,0.7751430533302816,182.0,33.0,23.0,0.31509880216678104,52.0,33.0,0.0,0.0,240.5,32.0,50.0,0.5442282749675745,1547.0,32.0,0.0,0.0,19.5,33.0,0.0,0.0,78.0,34.0
2026-06-09T14:28:08.395,5.997347374999663,touch_index,ramp,1.0,656.5,4,middle,34.0,80.6470588235294,0.8242465857938506,-546.0,33.0,37.0,0.7159685664148928,396.5,33.0,25.058823529411764,0.3285114824139772,-396.5,33.0,14.705882352941178,0.1241474021515221,214.5,32.0,35.294117647058826,0.42403295948729686,656.5,32.0,0.0,0.0,39.0,33.0,0.0,0.0,97.5,34.0
2026-06-09T14:28:08.558,6.160252166999271,touch_index,ramp,1.0,812.5,4,middle,34.0,78.29411764705883,0.7978789959563592,-487.5,33.0,32.0,0.6390478370336461,494.0,33.0,27.11764705882353,0.3510032806897077,-260.0,33.0,29.411764705882355,0.29529259174486916,104.0,32.0,20.588235294117645,0.25258258945601586,812.5,33.0,0.0,0.0,32.5,33.0,0.0,0.0,78.0,34.0
2026-06-09T14:28:08.728,6.330060042004334,touch_index,ramp,1.0,533.0,0,thumb_abd,34.0,75.94117647058823,0.7750362401770048,-533.0,33.0,27.0,0.5663538567177844,448.5,33.0,29.176470588235293,0.37314412146181425,-487.5,33.0,44.11764705882353,0.45941863126573584,52.0,32.0,5.882352941176471,0.09181353475242238,429.0,33.0,0.0,0.0,58.5,33.0,0.0,0.0,45.5,34.0
2026-06-09T14:28:08.795,6.397236208002141,touch_index,ramp,1.0,656.5,0,thumb_abd,34.0,75.0,0.7680018310826278,-656.5,33.0,25.0,0.5418326085297932,299.0,33.0,30.0,0.38052948805981535,-403.0,33.0,50.0,0.5149462119478141,403.0,32.0,0.0,0.03660639353017472,637.0,33.0,0.0,0.0,19.5,33.0,0.0,0.0,117.0,34.0
2026-06-09T14:28:08.952,6.5540864580034395,touch_index,hold,1.0,1820.0,3,index,34.0,75.0,0.7662470435645077,-708.5,33.0,25.0,0.5308461127641718,104.0,33.0,30.0,0.38724345769436175,-221.0,33.0,50.0,0.5436179140917067,1820.0,32.0,0.0,0.0,58.5,33.0,0.0,0.0,32.5,33.0,0.0,0.0,84.5,34.0
2026-06-09T14:28:09.108,6.710056417003216,touch_index,hold,1.0,1846.0,3,index,34.0,75.0,0.7662470435645077,-695.5,33.0,25.0,0.5308461127641718,97.5,33.0,30.0,0.38690775921263443,-273.0,33.0,50.0,0.5436179140917067,1846.0,32.0,0.0,0.0,45.5,33.0,0.0,0.0,45.5,33.0,0.0,0.0,104.0,34.0
2026-06-09T14:28:09.265,6.866606750001665,touch_index,hold,1.0,1833.0,3,index,34.0,75.0,0.7662470435645077,-702.0,33.0,25.0,0.5308461127641718,65.0,33.0,30.0,0.38690775921263443,-253.5,33.0,50.0,0.5436179140917067,1833.0,32.0,0.0,0.0,13.0,33.0,0.0,0.0,0.0,33.0,0.0,0.0,71.5,34.0
2026-06-09T14:28:09.427,7.0287190829985775,hold_index,ramp,1.0,1826.5,3,index,34.0,75.0,0.7662470435645077,-695.5,33.0,25.0,0.5308461127641718,65.0,33.0,30.0,0.38690775921263443,-299.0,33.0,50.0,0.5436179140917067,1826.5,32.0,0.0,0.0,0.0,33.0,0.0,0.0,0.0,33.0,0.0,0.0,65.0,34.0
2026-06-09T14:28:09.525,7.127197458001319,hold_index,ramp,1.0,1852.5,3,index,34.0,75.0,0.7662470435645077,-676.0,33.0,25.0,0.5308461127641718,78.0,33.0,30.0,0.38690775921263443,-266.5,33.0,50.0,0.5436179140917067,1852.5,32.0,0.0,0.0,19.5,33.0,0.0,0.0,39.0,33.0,0.0,0.0,97.5,34.0
2026-06-09T14:28:09.682,7.284148250000726,hold_index,hold,1.0,1839.5,3,index,34.0,75.0,0.7662470435645077,-689.0,33.0,25.0,0.5308461127641718,91.0,33.0,30.0,0.38690775921263443,-266.5,33.0,50.0,0.5436179140917067,1839.5,32.0,0.0,0.0,52.0,33.0,0.0,0.0,6.5,33.0,0.0,0.0,65.0,34.0
2026-06-09T14:28:09.835,7.4371559170031105,hold_index,hold,1.0,1839.5,3,index,34.0,75.0,0.7662470435645077,-669.5,33.0,25.0,0.5308461127641718,91.0,33.0,30.0,0.38690775921263443,-260.0,33.0,50.0,0.5436179140917067,1839.5,33.0,0.0,0.0,32.5,33.0,0.0,0.0,19.5,33.0,0.0,0.0,104.0,34.0
2026-06-09T14:28:09.992,7.59416370800318,hold_index,hold,1.0,1787.5,3,index,34.0,75.0,0.7662470435645077,-695.5,33.0,25.0,0.5308461127641718,65.0,33.0,30.0,0.38690775921263443,-266.5,33.0,50.0,0.5436179140917067,1787.5,33.0,0.0,0.0,-13.0,33.0,0.0,0.0,0.0,33.0,0.0,0.0,110.5,34.0
2026-06-09T14:28:10.154,7.755720792003558,open_palm,ramp,1.0,481.0,0,thumb_abd,34.0,52.94117647058823,0.5931334401464866,-481.0,34.0,17.647058823529413,0.40404364080262456,325.0,33.0,21.176470588235293,0.3114061188677806,-240.5,33.0,35.294117647058826,0.42494850080109864,-208.0,33.0,0.0,0.0,52.0,33.0,0.0,0.0,58.5,33.0,0.0,0.0,91.0,34.0
2026-06-09T14:28:10.321,7.922733416999108,open_palm,ramp,1.0,474.5,0,thumb_abd,34.0,30.88235294117647,0.362905317769131,-474.5,34.0,10.294117647058822,0.24344243533989468,260.0,33.0,12.352941176470587,0.21240558480201419,-253.5,33.0,20.588235294117645,0.26173800259403374,188.5,33.0,0.0,0.0,52.0,33.0,0.0,0.0,65.0,33.0,0.0,0.0,104.0,34.0
2026-06-09T14:28:10.486,8.08847895800136,open_palm,ramp,1.0,624.0,3,index,34.0,8.82352941176471,0.12652780956740672,-58.5,33.0,2.9411764705882355,0.07606622415503166,617.5,33.0,3.529411764705884,0.10939192797741665,-149.5,33.0,5.882352941176471,0.08815136949721523,624.0,33.0,0.0,0.0,45.5,33.0,0.0,0.0,26.0,33.0,0.0,0.0,91.0,34.0
2026-06-09T14:28:10.556,8.157745167001849,open_palm,ramp,1.0,624.0,3,index,34.0,0.0,0.03778133821622034,-19.5,34.0,0.0,0.01266498817425803,500.5,33.0,0.0,0.07046616311894408,-234.0,33.0,0.0,0.023178454261081866,624.0,33.0,0.0,0.0,0.0,33.0,0.0,0.0,58.5,33.0,0.0,0.0,91.0,34.0
2026-06-09T14:28:10.713,8.314832666997972,open_palm,hold,1.0,370.5,0,thumb_abd,34.0,0.0,0.009658960860608835,-370.5,34.0,0.0,0.0,136.5,33.0,0.0,0.05737392233157854,-39.0,33.0,0.0,0.0,58.5,33.0,0.0,0.0,19.5,33.0,0.0,0.0,32.5,33.0,0.0,0.0,84.5,34.0
2026-06-09T14:28:10.871,8.472783208002511,open_palm,hold,1.0,377.0,0,thumb_abd,34.0,0.0,0.009658960860608835,-377.0,34.0,0.0,0.0,149.5,33.0,0.0,0.05737392233157854,-32.5,33.0,0.0,0.0,78.0,33.0,0.0,0.0,19.5,33.0,0.0,0.0,39.0,33.0,0.0,0.0,78.0,34.0
2026-06-09T14:28:11.029,8.630691167003533,open_palm,hold,1.0,377.0,0,thumb_abd,34.0,0.0,0.009658960860608835,-377.0,34.0,0.0,0.0,143.0,33.0,0.0,0.05737392233157854,-45.5,33.0,0.0,0.0,84.5,33.0,0.0,0.0,32.5,33.0,0.0,0.0,45.5,33.0,0.0,0.0,84.5,34.0
2026-06-09T14:28:11.201,8.802952292004193,hold_open,ramp,1.0,377.0,0,thumb_abd,34.0,0.0,0.009658960860608835,-377.0,34.0,0.0,0.0,156.0,33.0,0.0,0.05737392233157854,-32.5,33.0,0.0,0.0,65.0,33.0,0.0,0.0,19.5,33.0,0.0,0.0,32.5,33.0,0.0,0.0,91.0,34.0
2026-06-09T14:28:11.367,8.968818667002779,hold_open,ramp,1.0,370.5,0,thumb_abd,34.0,0.0,0.009658960860608835,-370.5,34.0,0.0,0.0,156.0,33.0,0.0,0.05737392233157854,-39.0,33.0,0.0,0.0,78.0,33.0,0.0,0.0,19.5,33.0,0.0,0.0,26.0,33.0,0.0,0.0,91.0,34.0
2026-06-09T14:28:11.535,9.136700750001182,hold_open,ramp,1.0,383.5,0,thumb_abd,34.0,0.0,0.009658960860608835,-383.5,34.0,0.0,0.0,149.5,33.0,0.0,0.05737392233157854,-45.5,33.0,0.0,0.0,71.5,33.0,0.0,0.0,26.0,33.0,0.0,0.0,39.0,33.0,0.0,0.0,97.5,34.0
2026-06-09T14:28:11.604,9.206053916997917,hold_open,ramp,1.0,370.5,0,thumb_abd,34.0,0.0,0.009658960860608835,-370.5,34.0,0.0,0.0,136.5,33.0,0.0,0.05737392233157854,-39.0,33.0,0.0,0.0,71.5,33.0,0.0,0.0,26.0,33.0,0.0,0.0,32.5,33.0,0.0,0.0,91.0,34.0
2026-06-09T14:28:11.761,9.363498208003875,hold_open,hold,1.0,383.5,0,thumb_abd,34.0,0.0,0.009658960860608835,-383.5,34.0,0.0,0.0,156.0,33.0,0.0,0.05737392233157854,-45.5,33.0,0.0,0.0,71.5,33.0,0.0,0.0,26.0,33.0,0.0,0.0,26.0,33.0,0.0,0.0,91.0,34.0
2026-06-09T14:28:11.916,9.518380749999778,hold_open,hold,1.0,390.0,0,thumb_abd,34.0,0.0,0.009658960860608835,-390.0,34.0,0.0,0.0,156.0,33.0,0.0,0.05737392233157854,-39.0,33.0,0.0,0.0,78.0,33.0,0.0,0.0,13.0,33.0,0.0,0.0,39.0,33.0,0.0,0.0,84.5,34.0
2026-06-09T14:28:12.073,9.675463291998312,hold_open,hold,1.0,370.5,0,thumb_abd,34.0,0.0,0.009658960860608835,-370.5,34.0,0.0,0.0,149.5,33.0,0.0,0.05737392233157854,-39.0,33.0,0.0,0.0,78.0,33.0,0.0,0.0,26.0,33.0,0.0,0.0,26.0,33.0,0.0,0.0,97.5,34.0
2026-06-09T14:28:12.236,9.837779792003857,peace_setup_1,ramp,1.0,552.5,1,thumb_flex,34.0,26.47058823529412,0.22319371328297857,-247.0,34.0,0.0,0.047333485923552306,552.5,33.0,0.0,0.07986572060730907,-6.5,33.0,0.0,0.0,117.0,33.0,0.0,0.0,-6.5,33.0,26.47058823529412,0.2348973830777447,-396.5,33.0,26.47058823529412,0.22970931563286792,45.5,34.0
2026-06-09T14:28:12.398,9.999692999997933,peace_setup_1,ramp,1.0,663.0,1,thumb_flex,34.0,52.94117647058824,0.4894483863584344,-240.5,34.0,0.0,0.11833371480888075,663.0,33.0,0.0,0.10771343556878005,-227.5,33.0,0.0,0.0,65.0,33.0,0.0,0.0,-6.5,33.0,52.94117647058824,0.5271381704432746,-104.0,33.0,52.94117647058824,0.5240863660639353,71.5,34.0
2026-06-09T14:28:12.565,10.16754962500272,peace_setup_1,ramp,1.0,572.0,6,pinky,34.0,79.41176470588235,0.7609826810101472,-435.5,34.0,0.0,0.1884946974898909,416.0,33.0,0.0,0.13656824597543296,-123.5,33.0,0.0,0.0,117.0,33.0,0.0,0.0,26.0,33.0,79.41176470588235,0.8245822842755779,-78.0,33.0,79.41176470588235,0.820004577706569,572.0,34.0
2026-06-09T14:28:12.635,10.237113458002568,peace_setup_1,ramp,1.0,676.0,1,thumb_flex,34.0,90.0,0.8462195773250935,-533.0,34.0,0.0,0.21385519188220034,676.0,33.0,0.0,0.14663920042725262,-156.0,33.0,0.0,0.0,123.5,33.0,0.0,0.0,-6.5,33.0,90.0,0.921889066910811,396.5,33.0,90.0,0.9173266193636986,552.5,34.0
2026-06-09T14:28:12.792,10.394152624998242,peace_setup_1,hold,1.0,3360.5,6,pinky,34.0,90.0,0.8998092622262913,71.5,34.0,0.0,0.22653543907835508,520.0,33.0,0.0,0.1513389791714351,-162.5,34.0,0.0,0.0,65.0,33.0,0.0,0.0,-19.5,33.0,90.0,0.9777218280308232,3204.5,33.0,90.0,0.9771114671549553,3360.5,34.0
2026-06-09T14:28:12.947,10.549367208004696,peace_setup_1,hold,1.0,3399.5,6,pinky,34.0,90.0,0.8998092622262913,65.0,34.0,0.0,0.22653543907835508,513.5,33.0,0.0,0.15167467765316242,-130.0,33.0,0.0,0.0,169.0,33.0,0.0,0.0,91.0,33.0,90.0,0.9777218280308232,3289.0,33.0,90.0,0.9771114671549553,3399.5,34.0
2026-06-09T14:28:13.103,10.705148708002525,peace_setup_1,hold,1.0,3393.0,6,pinky,34.0,90.0,0.8998092622262913,104.0,34.0,0.0,0.22653543907835508,494.0,33.0,0.0,0.15167467765316242,-110.5,34.0,0.0,0.0,97.5,33.0,0.0,0.0,-6.5,33.0,90.0,0.9777218280308232,3256.5,33.0,90.0,0.9771114671549553,3393.0,34.0
2026-06-09T14:28:13.269,10.87127658299869,peace_setup_2,ramp,1.0,3367.0,6,pinky,34.0,90.0,0.9015793087663081,-91.0,34.0,13.23529411764706,0.36263065537499045,1053.0,33.0,17.647058823529413,0.26878767071030746,-195.0,34.0,0.0,0.0,84.5,33.0,0.0,0.0,-19.5,33.0,90.0,0.9777218280308232,3308.5,33.0,90.0,0.9771114671549553,3367.0,34.0
2026-06-09T14:28:13.431,11.033215292001842,peace_setup_2,ramp,1.0,3432.0,6,pinky,34.0,90.0,0.9024490730144198,-13.0,34.0,26.47058823529412,0.5392996108949416,1105.0,33.0,35.294117647058826,0.42314793621728847,78.0,34.0,0.0,0.0,32.5,33.0,0.0,0.0,-13.0,33.0,90.0,0.9777218280308232,3211.0,33.0,90.0,0.9771114671549553,3432.0,34.0
2026-06-09T14:28:13.598,11.19972704200336,peace_setup_2,ramp,1.0,4608.5,1,thumb_flex,34.0,90.0,0.9042038605325399,-110.5,34.0,39.705882352941174,0.6737010757610438,4608.5,33.0,52.94117647058823,0.5570458533607996,-2470.0,34.0,0.0,0.0,162.5,33.0,0.0,0.0,19.5,33.0,90.0,0.9783321889066912,3211.0,33.0,90.0,0.9771114671549553,3341.0,34.0
2026-06-09T14:28:14.104,11.705628832998627,recovered_open,settle,1.0,403.0,0,thumb_abd,34.0,0.0,0.010543984130617228,-403.0,34.0,0.0,0.0,312.0,33.0,0.0,0.05770962081330587,0.0,34.0,0.0,0.0,104.0,33.0,0.0,0.0,13.0,33.0,0.0,0.0,32.5,33.0,0.0,0.0,253.5,34.0
